{"PREVALENCE_BY_GENDER_AGE_YEAR":{"TRELLIS_NAME":["30-39","20-29","30-39","20-29","30-39","30-39","20-29"],"SERIES_NAME":["FEMALE","FEMALE","FEMALE","FEMALE","FEMALE","FEMALE","FEMALE"],"X_CALENDAR_YEAR":[2017,2018,2018,2019,2019,2020,2020],"Y_PREVALENCE_1000PP":[0.67628,1.06138,1.52306,1.79982,3.30368,2.04022,1.98413]},"PREVALENCE_BY_MONTH":{"X_CALENDAR_MONTH":[201807,201905,201906,201907,201909,201910,201911],"Y_PREVALENCE_1000PP":[0.43431,0.56663,0.59934,0.61913,0.7011,0.75491,1.08858]},"CONDITIONS_BY_TYPE":{"CONCEPT_NAME":"EHR","COUNT_VALUE":264},"AGE_AT_FIRST_DIAGNOSIS":{"CATEGORY":"FEMALE","MIN_VALUE":18,"P10_VALUE":24,"P25_VALUE":27,"MEDIAN_VALUE":30,"P75_VALUE":33,"P90_VALUE":37,"MAX_VALUE":41}}
