{"PREVALENCE_BY_GENDER_AGE_YEAR":{"TRELLIS_NAME":["20-29","20-29","30-39","20-29","30-39","30-39","30-39","20-29","20-29","30-39"],"SERIES_NAME":["FEMALE","FEMALE","FEMALE","FEMALE","FEMALE","FEMALE","FEMALE","FEMALE","FEMALE","FEMALE"],"X_CALENDAR_YEAR":[2015,2016,2016,2017,2017,2018,2019,2019,2020,2020],"Y_PREVALENCE_1000PP":[1.86278,0.72376,1.57458,0.9086,1.578,1.41427,1.39771,1.19988,1.76367,1.74876]},"PREVALENCE_BY_MONTH":{"X_CALENDAR_MONTH":[201705,201807],"Y_PREVALENCE_1000PP":[0.47063,0.43431]},"CONDITIONS_BY_TYPE":{"CONCEPT_NAME":"EHR","COUNT_VALUE":165},"AGE_AT_FIRST_DIAGNOSIS":{"CATEGORY":"FEMALE","MIN_VALUE":18,"P10_VALUE":22,"P25_VALUE":26,"MEDIAN_VALUE":30,"P75_VALUE":34,"P90_VALUE":38,"MAX_VALUE":44}}
