{"PREVALENCE_BY_GENDER_AGE_YEAR":{"TRELLIS_NAME":["0-9","0-9","0-9","0-9"],"SERIES_NAME":["MALE","FEMALE","MALE","FEMALE"],"X_CALENDAR_YEAR":[2019,2019,2020,2020],"Y_PREVALENCE_1000PP":[6.54323,7.61932,6.48508,4.45063]},"PREVALENCE_BY_MONTH":{"X_CALENDAR_MONTH":[201901,201903,201904,201905,201906,201907,201908,201909,201911,202001,202004,202005,202006],"Y_PREVALENCE_1000PP":[1.31536,1.31027,0.55856,0.56663,0.79912,0.82551,0.65367,1.05165,1.4968,0.95299,2.08526,1.60256,3.56564]},"CONDITIONS_BY_TYPE":{"CONCEPT_NAME":"EHR","COUNT_VALUE":143},"AGE_AT_FIRST_DIAGNOSIS":{"CATEGORY":["MALE","FEMALE"],"MIN_VALUE":[0,0],"P10_VALUE":[0,0],"P25_VALUE":[0,0],"MEDIAN_VALUE":[0,0],"P75_VALUE":[0,0],"P90_VALUE":[0,0],"MAX_VALUE":[0,34]}}
