{"PREVALENCE_BY_GENDER_AGE_YEAR":{"TRELLIS_NAME":["0-9","0-9","0-9","0-9"],"SERIES_NAME":["MALE","FEMALE","MALE","FEMALE"],"X_CALENDAR_YEAR":[2019,2019,2020,2020],"Y_PREVALENCE_1000PP":[23.66699,23.00173,25.16213,25.31293]},"PREVALENCE_BY_MONTH":{"X_CALENDAR_MONTH":[201901,201902,201903,201904,201905,201906,201907,201908,201909,201910,201911,201912,202001,202002,202003,202004,202005,202006,202007],"Y_PREVALENCE_1000PP":[3.04176,3.40628,2.96995,1.3033,2.17207,1.89791,3.09566,4.35777,3.50549,3.39708,2.31324,2.77575,4.12961,6.91286,4.44534,8.10936,9.34829,6.80713,5.71726]},"CONDITIONS_BY_TYPE":{"CONCEPT_NAME":"EHR","COUNT_VALUE":518},"AGE_AT_FIRST_DIAGNOSIS":{"CATEGORY":["FEMALE","MALE"],"MIN_VALUE":[0,0],"P10_VALUE":[0,0],"P25_VALUE":[0,0],"MEDIAN_VALUE":[0,0],"P75_VALUE":[0,0],"P90_VALUE":[0,0],"MAX_VALUE":[0,0]}}
