{"PREVALENCE_BY_GENDER_AGE_YEAR":{"TRELLIS_NAME":["30-39","20-29","20-29","30-39","20-29","20-29","30-39","0-9","0-9","30-39","20-29","20-29","30-39"],"SERIES_NAME":["FEMALE","FEMALE","FEMALE","FEMALE","FEMALE","FEMALE","FEMALE","MALE","FEMALE","FEMALE","FEMALE","FEMALE","FEMALE"],"X_CALENDAR_YEAR":[2015,2015,2016,2016,2017,2018,2018,2019,2019,2019,2019,2020,2020],"Y_PREVALENCE_1000PP":[4.28571,3.72555,2.17129,1.71772,0.99945,1.41518,0.76153,0.97452,1.00633,1.01652,1.19988,1.54321,1.74876]},"PREVALENCE_BY_MONTH":{"X_CALENDAR_MONTH":[201508,201509],"Y_PREVALENCE_1000PP":[3.4153,1.60299]},"CONDITIONS_BY_TYPE":{"CONCEPT_NAME":"EHR","COUNT_VALUE":268},"AGE_AT_FIRST_DIAGNOSIS":{"CATEGORY":["MALE","FEMALE"],"MIN_VALUE":[0,0],"P10_VALUE":[0,20],"P25_VALUE":[0,22],"MEDIAN_VALUE":[0,27],"P75_VALUE":[0,32],"P90_VALUE":[0,36],"MAX_VALUE":[0,44]}}
