{"PREVALENCE_BY_GENDER_AGE_YEAR":{"TRELLIS_NAME":["0-9","0-9","0-9","0-9"],"SERIES_NAME":["MALE","FEMALE","FEMALE","MALE"],"X_CALENDAR_YEAR":[2019,2019,2020,2020],"Y_PREVALENCE_1000PP":[5.98636,5.03163,5.56328,5.18807]},"PREVALENCE_BY_MONTH":{"X_CALENDAR_MONTH":[201902,201903,201904,201906,201909,201910,201911,201912,202001,202002,202005,202006],"Y_PREVALENCE_1000PP":[0.85157,0.52411,1.2102,0.69923,0.9348,0.88072,1.08858,0.87655,1.27065,1.27342,2.40385,2.59319]},"CONDITIONS_BY_TYPE":{"CONCEPT_NAME":"EHR","COUNT_VALUE":118},"AGE_AT_FIRST_DIAGNOSIS":{"CATEGORY":["MALE","FEMALE"],"MIN_VALUE":[0,0],"P10_VALUE":[0,0],"P25_VALUE":[0,0],"MEDIAN_VALUE":[0,0],"P75_VALUE":[0,0],"P90_VALUE":[0,0],"MAX_VALUE":[0,0]}}
