{"PREVALENCE_BY_GENDER_AGE_YEAR":{"TRELLIS_NAME":["20-29","30-39","30-39","20-29","30-39","20-29","20-29","30-39","30-39","20-29"],"SERIES_NAME":["FEMALE","FEMALE","FEMALE","FEMALE","FEMALE","FEMALE","FEMALE","FEMALE","FEMALE","FEMALE"],"X_CALENDAR_YEAR":[2016,2016,2017,2017,2018,2018,2019,2019,2020,2020],"Y_PREVALENCE_1000PP":[2.77443,2.57658,1.46528,1.27203,0.87032,0.70759,0.79992,1.01652,1.74876,1.32275]},"PREVALENCE_BY_MONTH":{"X_CALENDAR_MONTH":[201511,201602,201603,201610,201707],"Y_PREVALENCE_1000PP":[1.34529,0.99651,0.89619,0.58997,0.44954]},"CONDITIONS_BY_TYPE":{"CONCEPT_NAME":"EHR","COUNT_VALUE":253},"AGE_AT_FIRST_DIAGNOSIS":{"CATEGORY":"FEMALE","MIN_VALUE":18,"P10_VALUE":22,"P25_VALUE":24,"MEDIAN_VALUE":29,"P75_VALUE":34,"P90_VALUE":38,"MAX_VALUE":40}}
