{"PREVALENCE_BY_GENDER_AGE_YEAR":{"TRELLIS_NAME":["30-39","0-9","0-9","0-9","0-9"],"SERIES_NAME":["FEMALE","MALE","FEMALE","MALE","FEMALE"],"X_CALENDAR_YEAR":[2018,2019,2019,2020,2020],"Y_PREVALENCE_1000PP":[0.65274,13.22567,3.3065,14.00778,3.05981]},"PREVALENCE_BY_MONTH":{"X_CALENDAR_MONTH":[201901,201903,201904,201905,201907,201908,201910,201911,201912,202001,202002,202003,202004,202005,202006],"Y_PREVALENCE_1000PP":[1.06873,0.87352,0.65165,1.13325,1.34145,1.08944,2.01309,1.4968,2.04529,1.42948,1.0915,4.04122,3.01205,2.40385,2.26904]},"CONDITIONS_BY_TYPE":{"CONCEPT_NAME":"EHR","COUNT_VALUE":197},"AGE_AT_FIRST_DIAGNOSIS":{"CATEGORY":["FEMALE","MALE"],"MIN_VALUE":[0,0],"P10_VALUE":[0,0],"P25_VALUE":[0,0],"MEDIAN_VALUE":[0,0],"P75_VALUE":[24,0],"P90_VALUE":[36,0],"MAX_VALUE":[40,0]}}
