{"PREVALENCE_BY_GENDER_AGE_YEAR":{"TRELLIS_NAME":["20-29","30-39","20-29","30-39","20-29","30-39","20-29","20-29","30-39","30-39"],"SERIES_NAME":["FEMALE","FEMALE","FEMALE","FEMALE","FEMALE","FEMALE","FEMALE","FEMALE","FEMALE","FEMALE"],"X_CALENDAR_YEAR":[2015,2015,2016,2016,2017,2017,2018,2019,2019,2020],"Y_PREVALENCE_1000PP":[2.4837,2.14286,1.44753,1.28829,0.54516,0.789,0.53069,0.69993,0.76239,1.74876]},"PREVALENCE_BY_MONTH":{"X_CALENDAR_MONTH":201508,"Y_PREVALENCE_1000PP":2.04918},"CONDITIONS_BY_TYPE":{"CONCEPT_NAME":"EHR","COUNT_VALUE":223},"AGE_AT_FIRST_DIAGNOSIS":{"CATEGORY":"FEMALE","MIN_VALUE":18,"P10_VALUE":22,"P25_VALUE":24,"MEDIAN_VALUE":28,"P75_VALUE":34,"P90_VALUE":38,"MAX_VALUE":46}}
