{"PREVALENCE_BY_GENDER_AGE_YEAR":{"TRELLIS_NAME":["20-29","30-39","30-39","20-29","30-39","20-29","30-39","20-29","30-39","20-29"],"SERIES_NAME":["FEMALE","FEMALE","FEMALE","FEMALE","FEMALE","FEMALE","FEMALE","FEMALE","FEMALE","FEMALE"],"X_CALENDAR_YEAR":[2016,2016,2017,2017,2018,2018,2019,2019,2020,2020],"Y_PREVALENCE_1000PP":[4.22195,6.72774,6.87556,6.99618,4.24282,3.4495,3.81194,5.19948,3.78898,4.40917]},"PREVALENCE_BY_MONTH":{"X_CALENDAR_MONTH":[201602,201604,201605,201606,201607,201608,201609,201610,201611,201701,201702,201703,201704,201705,201706,201707,201708,201709,201710,201711,201712,201802,201804,201805,201806,201807,201809,201810,201811,201812,201901,201902,201904,201905,201906,201907,201909,201910,201912,202001,202004],"Y_PREVALENCE_1000PP":[1.32868,1.00057,0.80064,1.10947,1.02775,0.74667,0.91501,1.3766,0.74648,0.51706,0.68417,0.49273,1.3744,1.33344,1.06351,0.74923,1.52705,0.7248,1.40885,0.90998,0.4231,0.64208,0.42968,0.43029,0.58148,0.57908,0.44924,0.83327,0.4689,0.78989,0.65768,0.5961,0.65165,1.41656,0.59934,0.9287,1.05165,1.25818,1.02264,1.42948,1.62187]},"CONDITIONS_BY_TYPE":{"CONCEPT_NAME":"EHR","COUNT_VALUE":448},"AGE_AT_FIRST_DIAGNOSIS":{"CATEGORY":"FEMALE","MIN_VALUE":18,"P10_VALUE":22,"P25_VALUE":26,"MEDIAN_VALUE":28,"P75_VALUE":32,"P90_VALUE":36,"MAX_VALUE":46}}
