{"PREVALENCE_BY_GENDER_AGE_YEAR":{"TRELLIS_NAME":["0-9","0-9","0-9","0-9"],"SERIES_NAME":["MALE","FEMALE","FEMALE","MALE"],"X_CALENDAR_YEAR":[2019,2019,2020,2020],"Y_PREVALENCE_1000PP":[10.99819,13.65727,13.35188,10.63554]},"PREVALENCE_BY_MONTH":{"X_CALENDAR_MONTH":[201901,201902,201903,201904,201905,201906,201907,201908,201909,201910,201911,201912,202001,202002,202003,202004,202005,202006],"Y_PREVALENCE_1000PP":[1.56199,1.1922,1.48498,0.74474,0.56663,0.69923,1.34145,1.63416,1.6359,2.89381,2.85753,2.48356,2.38247,2.54684,2.62679,3.24374,4.2735,4.21394]},"CONDITIONS_BY_TYPE":{"CONCEPT_NAME":"EHR","COUNT_VALUE":269},"AGE_AT_FIRST_DIAGNOSIS":{"CATEGORY":["FEMALE","MALE"],"MIN_VALUE":[0,0],"P10_VALUE":[0,0],"P25_VALUE":[0,0],"MEDIAN_VALUE":[0,0],"P75_VALUE":[0,0],"P90_VALUE":[0,0],"MAX_VALUE":[38,0]}}
