{"PREVALENCE_BY_GENDER_AGE_YEAR":{"TRELLIS_NAME":["30-39","30-39","20-29","20-29","30-39","30-39","20-29","20-29","30-39","30-39"],"SERIES_NAME":["FEMALE","FEMALE","FEMALE","FEMALE","FEMALE","FEMALE","FEMALE","FEMALE","FEMALE","FEMALE"],"X_CALENDAR_YEAR":[2015,2016,2016,2017,2017,2018,2018,2019,2019,2020],"Y_PREVALENCE_1000PP":[4.64286,4.2943,1.08565,1.45375,1.46528,1.84943,1.14983,0.69993,0.88945,2.33168]},"PREVALENCE_BY_MONTH":{"X_CALENDAR_MONTH":[201510,201511,201604,201606,201802,201912],"Y_PREVALENCE_1000PP":[1.49514,1.34529,1.14351,1.23274,0.57074,0.87655]},"CONDITIONS_BY_TYPE":{"CONCEPT_NAME":"EHR","COUNT_VALUE":169},"AGE_AT_FIRST_DIAGNOSIS":{"CATEGORY":"FEMALE","MIN_VALUE":0,"P10_VALUE":24,"P25_VALUE":26,"MEDIAN_VALUE":32,"P75_VALUE":34,"P90_VALUE":38,"MAX_VALUE":44}}
