{"PREVALENCE_BY_GENDER_AGE_YEAR":{"TRELLIS_NAME":["0-9","0-9","10-19","20-29","30-39","40-49","0-9","0-9","10-19","20-29","30-39","40-49","50-59","0-9","0-9","10-19","20-29","30-39","40-49","0-9","0-9","10-19","20-29","30-39","40-49","50-59","0-9","0-9","10-19","20-29","30-39","40-49","50-59","0-9","0-9","10-19","20-29","30-39","40-49"],"SERIES_NAME":["MALE","FEMALE","FEMALE","FEMALE","FEMALE","FEMALE","MALE","FEMALE","FEMALE","FEMALE","FEMALE","FEMALE","FEMALE","MALE","FEMALE","FEMALE","FEMALE","FEMALE","FEMALE","MALE","FEMALE","FEMALE","FEMALE","FEMALE","FEMALE","FEMALE","MALE","FEMALE","FEMALE","FEMALE","FEMALE","FEMALE","FEMALE","MALE","FEMALE","FEMALE","FEMALE","FEMALE","FEMALE"],"X_CALENDAR_YEAR":[2015,2015,2015,2015,2015,2015,2016,2016,2016,2016,2016,2016,2016,2017,2017,2017,2017,2017,2017,2018,2018,2018,2018,2018,2018,2018,2019,2019,2019,2019,2019,2019,2019,2020,2020,2020,2020,2020,2020],"Y_PREVALENCE_1000PP":[1000,999.63018,668.4492,857.49767,919.64286,951.76849,989.97135,992.11277,583.33333,708.92642,787.00258,904.28571,1000,992.81545,990.83424,618.2266,596.58368,640.8927,800.24969,992.15396,991.3308,619.16462,608.88024,616.51436,771.20823,800,991.92538,991.80564,683.78378,751.72483,749.04701,838.66481,818.18182,980.80415,983.58832,760.7362,864.19753,892.74264,911.11111]},"PREVALENCE_BY_MONTH":{"X_CALENDAR_MONTH":[201805,201611,201806,201804,201607,201908,201703,201706,202007,202005,202004,201710,201509,201811,201512,201507,202002,201601,202001,201801,201905,202006,201910,202003,201812,201809,201903,201808,201803,201606,201604,201603,201709,201907,201807,201510,201911,201602,201702,201902,201505,201707,201612,201802,201904,201506,201912,201711,201712,201511,201708,201705,201701,201901,201704,201810,201508,201909,201608,201906,201610,201609,201605],"Y_PREVALENCE_1000PP":[162.578886976477,213.119343099748,155.400494257886,159.051847608135,250.542423204294,285.434143152849,186.827625852016,177.453661501063,695.945945945946,611.645299145299,531.278962001854,176.739926739927,581.886187550093,184.745232885277,400.934215648112,612.414837244512,429.143169001273,355.455365193868,401.365946632783,170.986270664052,233.733119274719,715.072933549433,318.822345244087,486.562942008487,203.791469194313,170.035938903863,214.972047519217,180.085824423594,162.978151735841,255.300788954635,269.296740994854,323.823749066467,160.75958541712,269.837994015066,172.059355772711,488.66184899078,336.644441420601,321.707357581797,175.489609167878,201.055948224474,798.143851508121,167.678129916835,205.089285714286,150.460155525433,209.458201452244,672.92817679558,375.894813732652,176.116477670447,163.881249559269,431.838565022422,177.428737638162,167.934739979606,203.722854188211,199.605392962841,164.28167192174,189.152336944171,696.72131147541,297.382566020098,252.586666666667,237.039256817501,217.40412979351,235.054900366002,259.67440619162]},"VISIT_DETAIL_DURATION_BY_TYPE":{"CATEGORY":"Length of stay","MIN_VALUE":-271,"P10_VALUE":0,"P25_VALUE":0,"MEDIAN_VALUE":1,"P75_VALUE":2,"P90_VALUE":3,"MAX_VALUE":306},"AGE_AT_FIRST_OCCURRENCE":{"CATEGORY":["MALE","FEMALE"],"MIN_VALUE":[0,0],"P10_VALUE":[0,0],"P25_VALUE":[0,0],"MEDIAN_VALUE":[0,22],"P75_VALUE":[0,30],"P90_VALUE":[0,36],"MAX_VALUE":[0,54]}}
