{"AGE_AT_FIRST_EXPOSURE":{"CATEGORY":"FEMALE","MIN_VALUE":16,"P10_VALUE":22,"P25_VALUE":26,"MEDIAN_VALUE":30,"P75_VALUE":36,"P90_VALUE":38,"MAX_VALUE":54},"DAYS_SUPPLY_DISTRIBUTION":{"CATEGORY":"Days supply","MIN_VALUE":0,"P10_VALUE":2,"P25_VALUE":2,"MEDIAN_VALUE":2,"P75_VALUE":4,"P90_VALUE":5,"MAX_VALUE":28},"DRUGS_BY_TYPE":{"CONCEPT_NAME":"EHR inpatient note","COUNT_VALUE":30260},"PREVALENCE_BY_GENDER_AGE_YEAR":{"TRELLIS_NAME":["40-49","30-39","10-19","20-29","20-29","30-39","10-19","40-49","20-29","10-19","30-39","40-49","40-49","30-39","10-19","20-29","50-59","10-19","40-49","20-29","30-39","50-59","30-39","10-19","40-49","20-29"],"SERIES_NAME":["FEMALE","FEMALE","FEMALE","FEMALE","FEMALE","FEMALE","FEMALE","FEMALE","FEMALE","FEMALE","FEMALE","FEMALE","FEMALE","FEMALE","FEMALE","FEMALE","FEMALE","FEMALE","FEMALE","FEMALE","FEMALE","FEMALE","FEMALE","FEMALE","FEMALE","FEMALE"],"X_CALENDAR_YEAR":[2015,2015,2015,2015,2016,2016,2016,2016,2017,2017,2017,2017,2018,2018,2018,2018,2018,2019,2019,2019,2019,2019,2020,2020,2020,2020],"Y_PREVALENCE_1000PP":[221.86495,127.14286,53.47594,83.51444,68.99879,112.79702,54.5977,218.57143,54.87916,41.87192,95.69432,194.75655,173.52185,82.89817,49.14005,55.01504,600,43.24324,190.54242,75.49245,102.5413,545.45455,124.16205,55.21472,216.66667,82.89242]},"PREVALENCE_BY_MONTH":{"X_CALENDAR_MONTH":[201705,201603,202004,201710,201610,202005,201601,201802,201812,201605,201703,201612,201905,201907,202006,201701,201509,201803,201906,201901,201505,201808,201608,201912,201807,201902,201903,201712,201909,202007,201604,202001,201507,201806,201611,202002,201911,201904,201801,201809,201805,201702,201704,201508,201609,201811,202003,201706,201512,201708,201707,201506,201510,201910,201709,201711,201804,201908,201810,201606,201607,201602,201511],"Y_PREVALENCE_1000PP":[9.80469,19.71621,30.35218,11.05945,12.58604,31.51709,22.90352,9.06043,10.18957,16.14625,12.31831,10.71429,15.58221,15.2719,47.00162,12.8404,36.06733,8.34335,14.08451,9.2075,20.88167,9.74616,14.82667,22.35208,11.00253,10.55948,12.14186,8.25048,17.99486,38.98129,15.29445,24.77764,49.96215,8.57683,13.06336,24.74077,22.99633,11.1711,10.08686,10.03294,9.10786,11.37433,10.34845,37.56831,12.91175,8.59644,29.50091,10.5591,22.38225,10.68935,8.69109,43.09392,29.15525,19.87921,8.04523,11.05978,9.09482,18.08476,9.46898,13.80671,19.18465,18.93373,26.23318]},"DRUG_FREQUENCY_DISTRIBUTION":{"Y_NUM_PERSONS":[6,5,4,3,2,2,1,1,0,0,0,0,0,0,0,0,0,0,0,0,0],"X_COUNT":[1,2,3,4,5,6,7,8,9,10,11,12,13,14,15,16,17,18,19,20,22]},"QUANTITY_DISTRIBUTION":{"CATEGORY":"Quantity","MIN_VALUE":200,"P10_VALUE":400,"P25_VALUE":400,"MEDIAN_VALUE":400,"P75_VALUE":400,"P90_VALUE":400,"MAX_VALUE":4000},"REFILLS_DISTRIBUTION":{"CATEGORY":"Refills","MIN_VALUE":0,"P10_VALUE":0,"P25_VALUE":0,"MEDIAN_VALUE":0,"P75_VALUE":0,"P90_VALUE":0,"MAX_VALUE":0}}
