{"AGE_AT_FIRST_EXPOSURE":{"CATEGORY":"FEMALE","MIN_VALUE":16,"P10_VALUE":20,"P25_VALUE":24,"MEDIAN_VALUE":28,"P75_VALUE":32,"P90_VALUE":36,"MAX_VALUE":52},"DAYS_SUPPLY_DISTRIBUTION":{"CATEGORY":"Days supply","MIN_VALUE":0,"P10_VALUE":1,"P25_VALUE":2,"MEDIAN_VALUE":3,"P75_VALUE":3,"P90_VALUE":4,"MAX_VALUE":24},"DRUGS_BY_TYPE":{"CONCEPT_NAME":["EHR prescription","EHR inpatient note"],"COUNT_VALUE":[22,11814]},"PREVALENCE_BY_GENDER_AGE_YEAR":{"TRELLIS_NAME":["30-39","20-29","10-19","20-29","10-19","30-39","40-49","10-19","40-49","30-39","20-29","20-29","30-39","40-49","30-39","20-29","40-49","10-19","30-39","20-29"],"SERIES_NAME":["FEMALE","FEMALE","FEMALE","FEMALE","FEMALE","FEMALE","FEMALE","FEMALE","FEMALE","FEMALE","FEMALE","FEMALE","FEMALE","FEMALE","FEMALE","FEMALE","FEMALE","FEMALE","FEMALE","FEMALE"],"X_CALENDAR_YEAR":[2015,2015,2015,2016,2016,2016,2016,2017,2017,2017,2017,2018,2018,2018,2019,2019,2019,2019,2020,2020],"Y_PREVALENCE_1000PP":[30.71429,42.22291,42.78075,34.37877,40.22989,29.3444,30,32.0197,16.22971,14.20198,17.71761,12.82505,9.35596,11.56812,15.62897,15.89841,18.08067,18.91892,20.11075,20.06173]},"PREVALENCE_BY_MONTH":{"X_CALENDAR_MONTH":[201609,201610,201810,201901,201807,201903,201804,201703,201710,201701,201904,201612,201802,201906,201705,201907,201603,201811,201910,201606,201809,201801,201712,201806,201708,201508,201706,202002,201707,201702,201601,201507,201509,201709,201604,202005,201605,201905,201704,201506,201608,201510,201607,201808,201611,201812,201805,201512,202006,201909,201902,202004,201911,201803,201908,202003,202007,201912,201511,201602,202001,201711],"Y_PREVALENCE_1000PP":[4.9817,3.93314,1.59079,1.80862,1.88201,1.92173,1.36064,3.28488,1.97239,3.0162,2.14113,3.83929,1.49818,2.19758,1.33344,2.78609,6.27334,2.26633,3.27126,5.30079,1.94669,1.471,1.41034,1.4537,2.76323,12.29508,2.65877,6.00327,2.54739,1.71043,7.21371,15.14005,13.0911,2.17439,5.71755,5.60897,7.07232,2.2665,2.02118,9.94475,5.01333,9.71842,5.70972,1.30919,3.07922,1.18483,0.78887,9.14753,6.48298,2.57069,2.21408,6.95088,2.58539,1.20201,3.70411,4.04122,8.83576,5.40541,7.3991,7.63993,4.44727,1.74997]},"DRUG_FREQUENCY_DISTRIBUTION":{"Y_NUM_PERSONS":[1,1,1,1,1,1,1,1,0,0,0,0,0,0,0,0,0,0,0,0,0,0,0,0,0,0,0,0,0,0,0],"X_COUNT":[1,2,3,4,5,6,7,8,9,10,11,12,13,14,15,16,17,18,19,20,21,22,23,24,25,26,28,29,32,34,35]},"QUANTITY_DISTRIBUTION":{"CATEGORY":"Quantity","MIN_VALUE":100,"P10_VALUE":600,"P25_VALUE":600,"MEDIAN_VALUE":600,"P75_VALUE":600,"P90_VALUE":600,"MAX_VALUE":46800},"REFILLS_DISTRIBUTION":{"CATEGORY":"Refills","MIN_VALUE":0,"P10_VALUE":0,"P25_VALUE":0,"MEDIAN_VALUE":0,"P75_VALUE":0,"P90_VALUE":0,"MAX_VALUE":0}}
