{"AGE_AT_FIRST_EXPOSURE":{"CATEGORY":"FEMALE","MIN_VALUE":16,"P10_VALUE":22,"P25_VALUE":26,"MEDIAN_VALUE":30,"P75_VALUE":36,"P90_VALUE":38,"MAX_VALUE":54},"DAYS_SUPPLY_DISTRIBUTION":{"CATEGORY":"Days supply","MIN_VALUE":0,"P10_VALUE":2,"P25_VALUE":2,"MEDIAN_VALUE":3,"P75_VALUE":4,"P90_VALUE":6,"MAX_VALUE":105},"DRUGS_BY_TYPE":{"CONCEPT_NAME":"EHR inpatient note","COUNT_VALUE":12057},"PREVALENCE_BY_GENDER_AGE_YEAR":{"TRELLIS_NAME":["20-29","40-49","30-39","40-49","20-29","30-39","10-19","20-29","10-19","40-49","30-39","20-29","40-49","10-19","30-39","20-29","40-49","10-19","30-39","20-29","40-49","10-19","30-39"],"SERIES_NAME":["FEMALE","FEMALE","FEMALE","FEMALE","FEMALE","FEMALE","FEMALE","FEMALE","FEMALE","FEMALE","FEMALE","FEMALE","FEMALE","FEMALE","FEMALE","FEMALE","FEMALE","FEMALE","FEMALE","FEMALE","FEMALE","FEMALE","FEMALE"],"X_CALENDAR_YEAR":[2015,2015,2015,2016,2016,2016,2016,2017,2017,2017,2017,2018,2018,2018,2018,2019,2019,2019,2019,2020,2020,2020,2020],"Y_PREVALENCE_1000PP":[31.04626,86.81672,48.57143,84.28571,17.61158,34.64071,20.11494,28.98419,22.16749,96.12984,47.22723,38.56359,116.96658,44.22604,56.46214,57.09429,148.8178,45.94595,76.62008,67.68078,152.77778,36.80982,104.34276]},"PREVALENCE_BY_MONTH":{"X_CALENDAR_MONTH":[202007,202001,201704,201507,201705,201708,201608,201702,201812,201611,201607,201604,201602,201901,202004,201601,201806,201908,201911,201710,201605,201905,201612,201510,201603,202006,201505,201707,201508,201802,201909,201610,201912,202005,201609,201805,201701,201808,201906,201903,201910,201809,201811,201807,201703,201712,201810,201509,201709,201711,202003,201907,201512,201506,201801,201902,201803,201511,201904,201606,201706,201804,202002],"Y_PREVALENCE_1000PP":[34.30353,19.69504,3.79982,28.00908,4.62781,5.89005,4.37333,5.30232,7.89889,4.8521,6.96586,4.28816,5.97907,8.05656,26.41335,5.77096,5.08795,13.18226,17.96163,6.12849,4.80384,10.19926,2.85714,8.47246,5.97461,41.49109,16.2413,3.97093,15.36885,5.99272,12.26922,3.14651,17.53104,23.77137,3.25336,6.45439,4.99828,6.90959,11.48736,8.38574,15.09814,7.26265,7.03345,8.17952,5.50218,5.99394,7.12067,12.82394,4.20381,6.71987,19.80198,11.45393,6.42273,35.35912,6.30429,8.17508,5.23227,7.3991,8.28524,3.94477,5.54543,5.15612,20.19283]},"DRUG_FREQUENCY_DISTRIBUTION":{"Y_NUM_PERSONS":[4,2,1,1,1,0,0,0,0,0,0,0,0,0,0,0,0,0,0,0],"X_COUNT":[1,2,3,4,5,6,7,8,9,10,11,12,13,14,15,16,17,18,19,20]},"QUANTITY_DISTRIBUTION":{"CATEGORY":"Quantity","MIN_VALUE":1,"P10_VALUE":1000,"P25_VALUE":1000,"MEDIAN_VALUE":1000,"P75_VALUE":1000,"P90_VALUE":1000,"MAX_VALUE":10000},"REFILLS_DISTRIBUTION":{"CATEGORY":"Refills","MIN_VALUE":0,"P10_VALUE":0,"P25_VALUE":0,"MEDIAN_VALUE":0,"P75_VALUE":0,"P90_VALUE":0,"MAX_VALUE":0}}
