{"AGE_AT_FIRST_EXPOSURE":{"CATEGORY":"FEMALE","MIN_VALUE":16,"P10_VALUE":23,"P25_VALUE":26,"MEDIAN_VALUE":30,"P75_VALUE":36,"P90_VALUE":40,"MAX_VALUE":54},"DAYS_SUPPLY_DISTRIBUTION":{"CATEGORY":"Days supply","MIN_VALUE":0,"P10_VALUE":2,"P25_VALUE":2,"MEDIAN_VALUE":3,"P75_VALUE":4,"P90_VALUE":4,"MAX_VALUE":41},"DRUGS_BY_TYPE":{"CONCEPT_NAME":"EHR inpatient note","COUNT_VALUE":6429},"PREVALENCE_BY_GENDER_AGE_YEAR":{"TRELLIS_NAME":["10-19","20-29","40-49","30-39","10-19","30-39","20-29","40-49","10-19","20-29","30-39","40-49","30-39","40-49","20-29","30-39","40-49","20-29","30-39","20-29"],"SERIES_NAME":["FEMALE","FEMALE","FEMALE","FEMALE","FEMALE","FEMALE","FEMALE","FEMALE","FEMALE","FEMALE","FEMALE","FEMALE","FEMALE","FEMALE","FEMALE","FEMALE","FEMALE","FEMALE","FEMALE","FEMALE"],"X_CALENDAR_YEAR":[2015,2015,2015,2015,2016,2016,2016,2016,2017,2017,2017,2017,2018,2018,2018,2019,2019,2019,2020,2020],"Y_PREVALENCE_1000PP":[32.08556,27.01025,64.30868,40,25.86207,73.71887,46.924,152.85714,17.24138,26.7127,40.80252,88.6392,14.36031,30.84833,11.49832,7.11563,9.73574,2.59974,4.66336,2.20459]},"PREVALENCE_BY_MONTH":{"X_CALENDAR_MONTH":[201811,202001,201708,201807,201806,201606,201711,201808,201801,201508,201809,201507,201812,201609,201908,201803,201603,201805,201506,201710,202004,201701,201804,201712,201705,201702,201611,201904,201706,201901,201906,201604,201709,201910,201602,201802,201510,201509,201912,201607,201605,201601,201612,201511,201610,201707,201704,201907,201608,201512,201703],"Y_PREVALENCE_1000PP":[0.6252,0.95299,3.27225,0.57908,2.9074,10.84813,3.28993,0.80006,3.22219,10.92896,0.44924,20.43906,0.55292,10.77674,1.08944,2.96967,11.20239,3.08376,11.04972,3.31079,1.62187,8.96243,1.93354,3.66688,4.70625,7.18379,8.30456,1.02402,4.17806,0.57547,0.79912,9.14808,2.8267,0.88072,11.29381,3.5671,8.72165,10.41945,1.46092,13.47493,11.60929,10.45987,6.60714,7.84753,7.9646,3.07185,5.17423,1.34145,12.37333,9.14753,8.13008]},"DRUG_FREQUENCY_DISTRIBUTION":{"Y_NUM_PERSONS":[2,1,1,1,0,0,0,0,0,0,0,0,0],"X_COUNT":[1,2,3,4,5,6,7,8,9,10,11,12,13]},"QUANTITY_DISTRIBUTION":{"CATEGORY":"Quantity","MIN_VALUE":10,"P10_VALUE":20,"P25_VALUE":20,"MEDIAN_VALUE":20,"P75_VALUE":20,"P90_VALUE":20,"MAX_VALUE":100},"REFILLS_DISTRIBUTION":{"CATEGORY":"Refills","MIN_VALUE":0,"P10_VALUE":0,"P25_VALUE":0,"MEDIAN_VALUE":0,"P75_VALUE":0,"P90_VALUE":0,"MAX_VALUE":0}}
