{"AGE_AT_FIRST_EXPOSURE":{"CATEGORY":"FEMALE","MIN_VALUE":16,"P10_VALUE":22,"P25_VALUE":24,"MEDIAN_VALUE":28,"P75_VALUE":33,"P90_VALUE":37,"MAX_VALUE":54},"DAYS_SUPPLY_DISTRIBUTION":{"CATEGORY":"Days supply","MIN_VALUE":0,"P10_VALUE":0,"P25_VALUE":0,"MEDIAN_VALUE":1,"P75_VALUE":2,"P90_VALUE":3,"MAX_VALUE":18},"DRUGS_BY_TYPE":{"CONCEPT_NAME":"EHR inpatient note","COUNT_VALUE":52201},"PREVALENCE_BY_GENDER_AGE_YEAR":{"TRELLIS_NAME":["20-29","40-49","10-19","30-39","30-39","40-49","10-19","20-29","10-19","20-29","30-39","40-49","30-39","20-29","40-49","10-19","30-39","20-29","40-49","10-19","40-49","20-29","10-19","30-39"],"SERIES_NAME":["FEMALE","FEMALE","FEMALE","FEMALE","FEMALE","FEMALE","FEMALE","FEMALE","FEMALE","FEMALE","FEMALE","FEMALE","FEMALE","FEMALE","FEMALE","FEMALE","FEMALE","FEMALE","FEMALE","FEMALE","FEMALE","FEMALE","FEMALE","FEMALE"],"X_CALENDAR_YEAR":[2015,2015,2015,2015,2016,2016,2016,2016,2017,2017,2017,2017,2018,2018,2018,2018,2019,2019,2019,2019,2020,2020,2020,2020],"Y_PREVALENCE_1000PP":[228.81093,286.17363,213.90374,226.42857,199.97137,247.14286,166.66667,204.70446,216.74877,168.27185,163.2101,220.97378,151.43603,170.52892,206.94087,218.67322,150.69886,152.58474,215.57719,151.35135,175,110.67019,104.29448,136.9863]},"PREVALENCE_BY_MONTH":{"X_CALENDAR_MONTH":[201911,201506,201803,201703,201707,201810,201808,202006,201908,201610,201512,201704,201909,201605,201809,202001,201508,201807,201907,202003,201804,201511,201712,201706,201507,201806,201811,202007,201702,202004,201608,201910,201509,201611,201812,201609,201912,201904,201705,201805,201710,201906,201510,202002,201607,201601,201903,201602,201802,201709,201901,201708,201612,201603,202005,201902,201606,201505,201801,201711,201905,201701,201604],"Y_PREVALENCE_1000PP":[22.72418,131.49171,20.78767,25.29359,23.82558,23.33157,22.83802,51.21556,26.36453,27.63029,46.90541,21.26283,25.47324,35.6285,21.78796,23.82465,88.45628,21.13645,23.21742,34.7545,21.69865,47.0852,21.78972,24.68854,104.46631,21.2967,22.50703,54.5738,19.92645,33.13253,34.13333,25.28938,70.26449,24.72707,25.90837,29.78853,24.83565,26.34519,22.82532,20.51061,22.04846,17.88033,54.07426,32.3813,33.91572,43.10189,26.1181,40.69092,19.76172,20.14931,25.89609,23.77836,25.80357,42.86781,39.26282,25.46198,32.4211,122.96984,20.94424,21.76956,30.8811,24.99138,40.8805]},"DRUG_FREQUENCY_DISTRIBUTION":{"Y_NUM_PERSONS":[12,12,6,6,2,2,1,0,0,0,0,0,0,0,0,0,0,0,0,0,0],"X_COUNT":[1,2,3,4,5,6,8,10,12,14,16,18,20,22,24,26,28,30,32,34,36]},"QUANTITY_DISTRIBUTION":{"CATEGORY":"Quantity","MIN_VALUE":5,"P10_VALUE":1000,"P25_VALUE":1000,"MEDIAN_VALUE":1000,"P75_VALUE":10000,"P90_VALUE":10000,"MAX_VALUE":15000},"REFILLS_DISTRIBUTION":{"CATEGORY":"Refills","MIN_VALUE":0,"P10_VALUE":0,"P25_VALUE":0,"MEDIAN_VALUE":0,"P75_VALUE":0,"P90_VALUE":0,"MAX_VALUE":0}}
