{"AGE_AT_FIRST_EXPOSURE":{"CATEGORY":"FEMALE","MIN_VALUE":14,"P10_VALUE":22,"P25_VALUE":24,"MEDIAN_VALUE":28,"P75_VALUE":32,"P90_VALUE":36,"MAX_VALUE":46},"DAYS_SUPPLY_DISTRIBUTION":{"CATEGORY":"Days supply","MIN_VALUE":-44,"P10_VALUE":0,"P25_VALUE":1,"MEDIAN_VALUE":2,"P75_VALUE":3,"P90_VALUE":5,"MAX_VALUE":68},"DRUGS_BY_TYPE":{"CONCEPT_NAME":"EHR inpatient note","COUNT_VALUE":61831},"PREVALENCE_BY_GENDER_AGE_YEAR":{"TRELLIS_NAME":["20-29","40-49","30-39","10-19","40-49","10-19","30-39","20-29","20-29","30-39","40-49","10-19","30-39","10-19","20-29","40-49","20-29","10-19","30-39","40-49","40-49","20-29","30-39","10-19"],"SERIES_NAME":["FEMALE","FEMALE","FEMALE","FEMALE","FEMALE","FEMALE","FEMALE","FEMALE","FEMALE","FEMALE","FEMALE","FEMALE","FEMALE","FEMALE","FEMALE","FEMALE","FEMALE","FEMALE","FEMALE","FEMALE","FEMALE","FEMALE","FEMALE","FEMALE"],"X_CALENDAR_YEAR":[2015,2015,2015,2015,2016,2016,2016,2016,2017,2017,2017,2017,2018,2018,2018,2018,2019,2019,2019,2019,2020,2020,2020,2020],"Y_PREVALENCE_1000PP":[142.50233,125.40193,136.07143,96.25668,127.14286,66.09195,126.39565,127.14113,116.48192,110.91073,133.58302,108.37438,111.72759,93.36609,120.11321,141.38817,151.58484,113.51351,133.9263,133.51878,163.88889,154.98236,148.93617,116.56442]},"PREVALENCE_BY_MONTH":{"X_CALENDAR_MONTH":[201709,201704,201610,201912,202001,201805,201706,201701,201511,201612,201707,201602,201801,202003,201711,201904,201911,201810,201901,201807,201708,201601,201603,201606,201609,201908,201803,201712,201605,201512,201812,201903,201907,201507,201710,201702,201804,201508,201802,201809,201905,202002,201607,201509,201906,202007,201604,201510,201806,201608,202006,201808,201902,201705,201611,201910,202005,201506,201703,201909,201505,202004,201811],"Y_PREVALENCE_1000PP":[14.78582,14.95675,17.50246,31.1176,33.03685,15.06024,14.81313,16.6322,30.49327,18.30357,14.01064,21.75718,15.27038,42.43281,16.72967,19.9218,28.03102,16.43815,19.56593,15.49041,15.48866,27.95311,25.84018,20.95661,19.52013,22.22464,15.13116,16.2894,18.68161,32.69755,20.77409,20.44025,26.31307,62.07419,15.77909,14.8807,13.60642,52.93716,13.91168,14.8248,22.57059,38.74841,17.35754,40.34197,21.97583,59.25156,23.87078,29.40444,14.46431,19.62667,63.53323,16.87395,20.18224,14.35407,19.78166,28.9381,52.61752,65.19337,16.99926,26.75859,71.92575,37.76645,15.08284]},"DRUG_FREQUENCY_DISTRIBUTION":{"Y_NUM_PERSONS":[9,9,5,5,3,3,2,2,1,1,1,1,1,1,1,1,0,0,0,0,0,0,0,0,0,0,0,0,0,0,0,0,0,0,0,0,0,0,0,0,0,0,0,0],"X_COUNT":[1,2,3,4,5,6,7,8,9,10,11,12,13,14,15,16,17,18,19,20,22,24,26,27,28,30,32,34,36,38,40,42,44,46,48,50,52,56,60,64,66,72,74,80]},"QUANTITY_DISTRIBUTION":{"CATEGORY":"Quantity","MIN_VALUE":2.5,"P10_VALUE":2.5,"P25_VALUE":2.5,"MEDIAN_VALUE":5,"P75_VALUE":100,"P90_VALUE":100,"MAX_VALUE":5000000},"REFILLS_DISTRIBUTION":{"CATEGORY":"Refills","MIN_VALUE":0,"P10_VALUE":0,"P25_VALUE":0,"MEDIAN_VALUE":0,"P75_VALUE":0,"P90_VALUE":0,"MAX_VALUE":0}}
