{"AGE_AT_FIRST_EXPOSURE":{"CATEGORY":"FEMALE","MIN_VALUE":16,"P10_VALUE":22,"P25_VALUE":26,"MEDIAN_VALUE":32,"P75_VALUE":38,"P90_VALUE":42,"MAX_VALUE":54},"DAYS_SUPPLY_DISTRIBUTION":{"CATEGORY":"Days supply","MIN_VALUE":0,"P10_VALUE":2,"P25_VALUE":4,"MEDIAN_VALUE":10,"P75_VALUE":16,"P90_VALUE":29,"MAX_VALUE":66},"DRUGS_BY_TYPE":{"CONCEPT_NAME":["EHR prescription","EHR inpatient note"],"COUNT_VALUE":[211,4432]},"PREVALENCE_BY_GENDER_AGE_YEAR":{"TRELLIS_NAME":["30-39","30-39","40-49","20-29","40-49","20-29","30-39","20-29","30-39","40-49","20-29","30-39","40-49","40-49","20-29","30-39"],"SERIES_NAME":["FEMALE","FEMALE","FEMALE","FEMALE","FEMALE","FEMALE","FEMALE","FEMALE","FEMALE","FEMALE","FEMALE","FEMALE","FEMALE","FEMALE","FEMALE","FEMALE"],"X_CALENDAR_YEAR":[2015,2016,2016,2016,2017,2017,2017,2018,2018,2018,2019,2019,2019,2020,2020,2020],"Y_PREVALENCE_1000PP":[5.35714,3.57859,10,2.41255,13.73283,1.18117,3.60685,1.76897,3.69887,15.42416,2.69973,3.93901,13.90821,30.55556,3.30688,4.95482]},"PREVALENCE_BY_MONTH":{"X_CALENDAR_MONTH":[201812,201603,201908,201706,202004,201512,201907,201708,201710,201912,201910,201811,201606,201609,201612,201903,201911,202001,202005,201909,201802,201707,201712,202002,201904,202003,201604,201611,201806,201803,201905,201808,202006,201901,201511],"Y_PREVALENCE_1000PP":[0.94787,0.89619,0.65367,0.53175,1.62187,1.75165,1.03189,0.58173,0.70442,1.16874,0.88072,0.4689,0.73964,0.61,0.625,0.96087,1.36073,1.90597,1.60256,0.9348,0.78476,0.52446,0.4231,1.45534,0.65165,2.22267,0.85763,0.9331,0.50879,0.56565,0.56663,0.80006,2.59319,0.49326,1.34529]},"DRUG_FREQUENCY_DISTRIBUTION":{"Y_NUM_PERSONS":[0,0,0,0,0,0,0,0,0,0,0,0,0,0,0,0,0,0,0,0,0,0,0,0,0,0,0,0,0,0,0,0,0,0,0,0,0,0,0,0,0,0,0,0,0,0,0,0,0,0,0,0,0],"X_COUNT":[1,2,3,4,5,6,7,8,9,10,11,12,13,14,15,16,17,18,19,20,22,23,24,26,27,28,30,31,33,34,36,41,46,48,51,53,57,58,60,61,66,67,73,82,87,89,94,96,100,101,126,127,133]},"QUANTITY_DISTRIBUTION":{"CATEGORY":"Quantity","MIN_VALUE":10,"P10_VALUE":100,"P25_VALUE":200,"MEDIAN_VALUE":200,"P75_VALUE":300,"P90_VALUE":300,"MAX_VALUE":600},"REFILLS_DISTRIBUTION":{"CATEGORY":"Refills","MIN_VALUE":0,"P10_VALUE":0,"P25_VALUE":0,"MEDIAN_VALUE":0,"P75_VALUE":0,"P90_VALUE":0,"MAX_VALUE":0}}
