{"AGE_AT_FIRST_EXPOSURE":{"CATEGORY":"FEMALE","MIN_VALUE":16,"P10_VALUE":20,"P25_VALUE":23,"MEDIAN_VALUE":28,"P75_VALUE":32,"P90_VALUE":36,"MAX_VALUE":54},"DAYS_SUPPLY_DISTRIBUTION":{"CATEGORY":"Days supply","MIN_VALUE":0,"P10_VALUE":2,"P25_VALUE":6,"MEDIAN_VALUE":19,"P75_VALUE":48,"P90_VALUE":66,"MAX_VALUE":126},"DRUGS_BY_TYPE":{"CONCEPT_NAME":["EHR prescription","EHR inpatient note"],"COUNT_VALUE":[70,8644]},"PREVALENCE_BY_GENDER_AGE_YEAR":{"TRELLIS_NAME":["20-29","30-39","10-19","30-39","20-29","40-49","30-39","10-19","20-29","20-29","30-39","10-19","30-39","20-29","30-39","20-29"],"SERIES_NAME":["FEMALE","FEMALE","FEMALE","FEMALE","FEMALE","FEMALE","FEMALE","FEMALE","FEMALE","FEMALE","FEMALE","FEMALE","FEMALE","FEMALE","FEMALE","FEMALE"],"X_CALENDAR_YEAR":[2015,2015,2015,2016,2016,2016,2017,2017,2017,2018,2018,2018,2019,2019,2020,2020],"Y_PREVALENCE_1000PP":[12.4185,8.21429,32.08556,6.29831,9.65018,20,7.43913,27.0936,9.35853,9.99469,6.20104,24.57002,5.97205,7.49925,5.24628,8.37743]},"PREVALENCE_BY_MONTH":{"X_CALENDAR_MONTH":[201702,201506,201710,201801,201901,201705,201706,201603,201905,201908,201612,201509,202005,201811,201912,201809,201907,201510,201807,201902,201805,202001,201512,201707,201904,201812,201609,201608,201601,201701,201606,201508,201704,201712,201711,201605,201610,201803,201802,201607,201906,201604,201709,201910,201808,201911,202004,201804,202002,201708,201511,201903,201611,202006,202003,201703,201602,201806,201909,201810],"Y_PREVALENCE_1000PP":[1.36834,9.94475,1.69062,1.05071,1.47978,1.41188,1.74719,1.34429,0.84994,1.19839,1.16071,2.13732,2.67094,1.32854,1.7531,1.12309,1.03189,2.4919,1.37532,1.02189,1.36259,1.90597,4.28182,1.64831,0.93093,1.73776,1.72834,1.06667,3.96754,1.63737,1.35602,3.07377,1.13186,0.56414,0.83998,1.3344,1.3766,0.91918,1.21281,1.37033,0.69923,1.42939,1.73951,1.25818,1.45465,1.36073,2.08526,1.1458,2.00109,1.01803,2.9148,0.87352,2.23943,3.88979,1.61649,1.06759,1.1626,1.16296,2.1033,0.83327]},"DRUG_FREQUENCY_DISTRIBUTION":{"Y_NUM_PERSONS":[1,1,0,0,0,0,0,0,0,0,0,0,0,0,0,0,0,0,0,0,0,0,0,0,0,0,0,0,0,0,0,0,0,0,0,0,0,0,0,0,0,0,0,0,0,0,0,0,0,0,0,0,0,0,0,0,0,0,0,0,0,0,0,0,0,0,0,0,0,0],"X_COUNT":[1,2,3,4,5,6,7,8,9,10,11,12,13,14,16,17,18,19,20,21,22,23,24,25,26,27,28,29,30,32,33,34,35,36,37,40,41,42,44,46,47,48,51,52,54,56,58,60,61,63,64,66,68,70,76,78,80,81,82,86,90,92,94,100,110,112,117,118,120,126]},"QUANTITY_DISTRIBUTION":{"CATEGORY":"Quantity","MIN_VALUE":1,"P10_VALUE":200,"P25_VALUE":200,"MEDIAN_VALUE":200,"P75_VALUE":200,"P90_VALUE":200,"MAX_VALUE":400},"REFILLS_DISTRIBUTION":{"CATEGORY":"Refills","MIN_VALUE":0,"P10_VALUE":0,"P25_VALUE":0,"MEDIAN_VALUE":0,"P75_VALUE":0,"P90_VALUE":0,"MAX_VALUE":0}}
