{"AGE_AT_FIRST_EXPOSURE":{"CATEGORY":"FEMALE","MIN_VALUE":16,"P10_VALUE":20,"P25_VALUE":22,"MEDIAN_VALUE":26,"P75_VALUE":30,"P90_VALUE":36,"MAX_VALUE":46},"DAYS_SUPPLY_DISTRIBUTION":{"CATEGORY":"Days supply","MIN_VALUE":0,"P10_VALUE":2,"P25_VALUE":3,"MEDIAN_VALUE":3,"P75_VALUE":3,"P90_VALUE":3,"MAX_VALUE":94},"DRUGS_BY_TYPE":{"CONCEPT_NAME":"EHR inpatient note","COUNT_VALUE":2958},"PREVALENCE_BY_GENDER_AGE_YEAR":{"TRELLIS_NAME":["30-39","20-29","40-49","30-39","20-29","10-19","20-29","30-39","10-19","30-39","20-29","10-19","30-39","10-19","40-49","20-29","20-29","30-39","10-19"],"SERIES_NAME":["FEMALE","FEMALE","FEMALE","FEMALE","FEMALE","FEMALE","FEMALE","FEMALE","FEMALE","FEMALE","FEMALE","FEMALE","FEMALE","FEMALE","FEMALE","FEMALE","FEMALE","FEMALE","FEMALE"],"X_CALENDAR_YEAR":[2015,2015,2016,2016,2016,2016,2017,2017,2017,2018,2018,2018,2019,2019,2019,2019,2020,2020,2020],"Y_PREVALENCE_1000PP":[11.07143,20.80099,8.57143,7.44346,11.58022,25.86207,11.53916,7.77728,32.0197,6.30983,11.67522,24.57002,8.13215,35.13514,8.34492,17.49825,20.7231,13.11571,42.94479]},"PREVALENCE_BY_MONTH":{"X_CALENDAR_MONTH":[201910,201706,201509,201602,201508,202001,202003,201811,201603,201705,201612,201806,201709,201907,201704,201906,201909,201901,201507,202004,201801,201812,201903,201707,201608,201512,201506,202007,201703,201712,201904,201604,201912,201701,201905,202002,201606,201601,201803,201804,201610,201511,201810,201605,201808,201710,201805,201611,201708,201609,201911,201802,201711,201510,201908,201807,201702,202005,201809,201607,202006,201902],"Y_PREVALENCE_1000PP":[3.39708,0.91158,4.27465,2.49128,4.09836,3.65311,2.82885,1.48484,2.68857,0.94125,1.16071,1.30833,1.37711,2.27015,1.29356,2.39736,2.57069,1.72641,12.86904,6.0241,1.54105,1.57978,1.92173,1.49846,2.02667,3.30868,6.62983,8.83576,2.62791,0.77569,1.39639,1.14351,2.92184,1.63737,2.73869,4.54794,1.47929,2.70514,1.41413,1.07419,1.3766,3.36323,0.83327,2.80224,1.38192,1.33841,0.86059,0.83979,1.89063,0.71167,1.90502,1.49818,0.97998,4.9838,2.83255,1.30293,1.1973,4.2735,0.8236,1.37033,9.72447,1.44767]},"DRUG_FREQUENCY_DISTRIBUTION":{"Y_NUM_PERSONS":[1,1,1,0,0,0,0,0],"X_COUNT":[1,2,3,4,5,6,7,8]},"QUANTITY_DISTRIBUTION":{"CATEGORY":"Quantity","MIN_VALUE":80,"P10_VALUE":240,"P25_VALUE":240,"MEDIAN_VALUE":240,"P75_VALUE":240,"P90_VALUE":320,"MAX_VALUE":27520},"REFILLS_DISTRIBUTION":{"CATEGORY":"Refills","MIN_VALUE":0,"P10_VALUE":0,"P25_VALUE":0,"MEDIAN_VALUE":0,"P75_VALUE":0,"P90_VALUE":0,"MAX_VALUE":0}}
