{"AGE_AT_FIRST_EXPOSURE":{"CATEGORY":"FEMALE","MIN_VALUE":16,"P10_VALUE":20,"P25_VALUE":22,"MEDIAN_VALUE":26,"P75_VALUE":32,"P90_VALUE":36,"MAX_VALUE":54},"DAYS_SUPPLY_DISTRIBUTION":{"CATEGORY":"Days supply","MIN_VALUE":0,"P10_VALUE":1,"P25_VALUE":3,"MEDIAN_VALUE":4,"P75_VALUE":6,"P90_VALUE":7,"MAX_VALUE":30},"DRUGS_BY_TYPE":{"CONCEPT_NAME":["EHR prescription","EHR inpatient note"],"COUNT_VALUE":[223,2138]},"PREVALENCE_BY_GENDER_AGE_YEAR":{"TRELLIS_NAME":["20-29","30-39","30-39","20-29","20-29","30-39","20-29","10-19","30-39","40-49","20-29","30-39","30-39","20-29"],"SERIES_NAME":["FEMALE","FEMALE","FEMALE","FEMALE","FEMALE","FEMALE","FEMALE","FEMALE","FEMALE","FEMALE","FEMALE","FEMALE","FEMALE","FEMALE"],"X_CALENDAR_YEAR":[2015,2015,2016,2016,2017,2017,2018,2018,2018,2019,2019,2019,2020,2020],"Y_PREVALENCE_1000PP":[10.24527,7.5,2.57658,4.22195,5.90587,2.59243,3.4495,14.74201,3.48129,8.34492,5.09949,4.06607,4.3719,6.61376]},"PREVALENCE_BY_MONTH":{"X_CALENDAR_MONTH":[201511,201512,201510,201809,201712,201808,201910,201811,201901,201508,201708,201909,201711,201707,201506,201801,201806,201911,201610,201902,201607,201603,202004,201905,202002,201507,201710,201906,201705,201907,201703,202006,201706,201509,201608,201709,201804,202001,201807,201702],"Y_PREVALENCE_1000PP":[2.9148,1.94628,1.74433,0.59898,0.63465,0.50913,1.384,0.85964,0.65768,2.39071,0.65445,0.9348,0.62999,0.67431,6.62983,0.42029,0.50879,1.22466,0.78663,0.85157,1.02775,1.19492,2.54866,0.84994,1.0915,4.54201,0.63398,0.69923,0.54906,1.23826,1.06759,2.91734,0.68368,2.67165,0.74667,0.79727,0.64451,1.90597,0.65147,0.51313]},"DRUG_FREQUENCY_DISTRIBUTION":{"Y_NUM_PERSONS":[0,0,0,0,0,0,0,0,0,0,0,0,0,0,0,0,0,0,0,0,0,0,0,0,0,0],"X_COUNT":[1,2,3,4,5,6,7,8,9,10,11,12,13,14,15,16,17,18,20,22,24,26,27,28,29,30]},"QUANTITY_DISTRIBUTION":{"CATEGORY":"Quantity","MIN_VALUE":0.75,"P10_VALUE":500,"P25_VALUE":500,"MEDIAN_VALUE":500,"P75_VALUE":750,"P90_VALUE":750,"MAX_VALUE":5001},"REFILLS_DISTRIBUTION":{"CATEGORY":"Refills","MIN_VALUE":0,"P10_VALUE":0,"P25_VALUE":0,"MEDIAN_VALUE":0,"P75_VALUE":0,"P90_VALUE":0,"MAX_VALUE":0}}
