{"AGE_AT_FIRST_EXPOSURE":{"CATEGORY":"FEMALE","MIN_VALUE":16,"P10_VALUE":20,"P25_VALUE":22,"MEDIAN_VALUE":26,"P75_VALUE":31,"P90_VALUE":36,"MAX_VALUE":52},"DAYS_SUPPLY_DISTRIBUTION":{"CATEGORY":"Days supply","MIN_VALUE":0,"P10_VALUE":0,"P25_VALUE":0,"MEDIAN_VALUE":1,"P75_VALUE":2,"P90_VALUE":5,"MAX_VALUE":80},"DRUGS_BY_TYPE":{"CONCEPT_NAME":"EHR inpatient note","COUNT_VALUE":7275},"PREVALENCE_BY_GENDER_AGE_YEAR":{"TRELLIS_NAME":["30-39","20-29","20-29","30-39","30-39","20-29","20-29","30-39","10-19","20-29","30-39","20-29","30-39"],"SERIES_NAME":["FEMALE","FEMALE","FEMALE","FEMALE","FEMALE","FEMALE","FEMALE","FEMALE","FEMALE","FEMALE","FEMALE","FEMALE","FEMALE"],"X_CALENDAR_YEAR":[2015,2015,2016,2016,2017,2017,2018,2018,2018,2019,2019,2020,2020],"Y_PREVALENCE_1000PP":[5.35714,6.83018,4.58384,4.15116,2.59243,3.54352,5.83761,2.82855,19.65602,4.79952,2.66836,3.96825,3.49752]},"PREVALENCE_BY_MONTH":{"X_CALENDAR_MONTH":[201803,201810,201710,201912,201610,201711,201811,201507,201512,201511,201910,201804,201612,201806,201901,201802,202001,201701,201812,201707,201805,201808,201603,201705,201508,201902,201709,201909,201704,201905,201611,201809,202005,201601,201908,201602,201904,201807,201604,201801,201606,201605],"Y_PREVALENCE_1000PP":[0.42424,1.13628,0.56354,0.87655,0.6883,0.41999,0.93779,6.81302,1.55703,2.24215,1.50981,0.42968,0.53571,0.87222,0.65768,0.49939,0.95299,0.94795,1.02686,0.59939,0.71715,0.80006,1.04556,0.47063,2.04918,0.85157,0.86975,1.1685,0.48508,0.56663,0.74648,0.52411,2.13675,1.80343,1.52522,1.1626,0.55856,0.65147,1.00057,0.42029,0.86292,1.06752]},"DRUG_FREQUENCY_DISTRIBUTION":{"Y_NUM_PERSONS":[0,0,0,0,0,0,0,0,0,0,0,0,0,0,0,0,0,0,0,0,0,0,0,0,0,0,0,0,0,0,0,0,0,0,0,0,0,0,0,0,0,0,0,0,0,0,0,0,0,0,0,0,0,0,0,0,0,0,0,0],"X_COUNT":[1,2,3,4,5,6,7,8,9,10,11,12,13,14,15,16,17,18,19,20,21,22,23,24,25,26,27,28,29,30,31,33,34,35,37,38,39,40,41,44,45,46,47,48,52,54,56,57,58,60,61,62,65,67,68,70,90,92,98,99]},"QUANTITY_DISTRIBUTION":{"CATEGORY":"Quantity","MIN_VALUE":6.75,"P10_VALUE":75,"P25_VALUE":75,"MEDIAN_VALUE":75,"P75_VALUE":90,"P90_VALUE":90,"MAX_VALUE":90},"REFILLS_DISTRIBUTION":{"CATEGORY":"Refills","MIN_VALUE":0,"P10_VALUE":0,"P25_VALUE":0,"MEDIAN_VALUE":0,"P75_VALUE":0,"P90_VALUE":0,"MAX_VALUE":0}}
