{"PREVALENCE_BY_GENDER_AGE_YEAR":{"TRELLIS_NAME":["0-9","0-9","0-9","0-9","0-9","0-9","0-9","0-9","0-9","0-9","0-9","0-9"],"SERIES_NAME":["MALE","FEMALE","FEMALE","FEMALE","MALE","MALE","MALE","MALE","FEMALE","FEMALE","MALE","FEMALE"],"X_CALENDAR_YEAR":[2018,2019,2015,2018,2020,2017,2016,2015,2020,2017,2019,2016],"Y_PREVALENCE_1000PP":[988.00888,989.3617,999.63018,989.20152,977.95071,991.46834,987.90194,1000,979.69402,989.90213,989.6979,990.77026]},"PREVALENCE_BY_MONTH":{"X_CALENDAR_MONTH":[201805,201809,201912,201612,201908,201801,201911,201910,201807,202003,201806,201505,201510,201705,201512,201904,201903,201608,201802,201601,201603,201902,201812,202006,201909,201811,201506,201710,201508,201511,201611,201712,202002,201509,201701,202007,201609,201606,201707,201901,201706,201709,201704,201703,201607,201803,201602,202004,201610,201604,201906,201711,201810,201804,201907,201605,201905,201507,201708,201808,202001,201702,202005],"Y_PREVALENCE_1000PP":[75.1577739529547,79.664570230608,175.4565376187,96.9642857142857,136.289356139013,80.9750630428692,157.572458837937,150.100654252642,81.0712993123417,230.955748636088,72.4669283326065,371.22969837587,228.507351108896,79.3003372813554,188.205527442585,97.5609756097561,101.764500349406,120.426666666667,70.343154740672,166.997294860234,153.547423450336,95.3759686621817,95.7345971563981,338.087520259319,140.336527225987,86.3551109721788,304.972375690608,83.7559876021414,328.893442622951,204.260089686099,101.054399552113,77.4980607855581,201.564489721666,275.714667379108,96.3460875560152,336.798336798337,111.529076860512,119.945759368836,79.3436727354462,93.0614929299573,84.5487693710118,75.7411031383634,77.7750828684615,88.1169417754784,118.876327509421,78.4133493601075,149.975087194818,252.548656163114,102.163225172075,128.073184676958,111.077814404155,83.4383312333753,89.1599121278691,74.1191635634489,127.747394489733,121.297037630104,110.680895268675,285.389856169569,85.0058173356603,85.0243654083933,188.214739517154,82.6135294620713,287.126068376068]},"DEATH_BY_TYPE":{"CONCEPT_ID":32817,"CONCEPT_NAME":"EHR","COUNT_VALUE":65175},"AGE_AT_DEATH":{"CATEGORY":["MALE","FEMALE"],"MIN_VALUE":[0,0],"P10_VALUE":[0,0],"P25_VALUE":[0,0],"MEDIAN_VALUE":[0,0],"P75_VALUE":[0,0],"P90_VALUE":[0,0],"MAX_VALUE":[0,0]}}
