{"SUMMARY":{"ATTRIBUTE_NAME":["Source name","Number of persons"],"ATTRIBUTE_VALUE":["","119912"]},"GENDER_DATA":{"CONCEPT_ID":[8507,8532],"CONCEPT_NAME":["MALE","FEMALE"],"COUNT_VALUE":[33291,86621]},"RACE_DATA":{"CONCEPT_ID":0,"CONCEPT_NAME":"No matching concept","COUNT_VALUE":119912},"ETHNICITY_DATA":{"CONCEPT_ID":0,"CONCEPT_NAME":"No matching concept","COUNT_VALUE":119912},"BIRTH_YEAR_HISTOGRAM":{"MIN":1966,"MAX":2020,"INTERVAL_SIZE":1,"INTERVALS":54,"DATA":{"INTERVAL_INDEX":[0,1,2,3,4,5,6,7,8,9,10,11,12,13,14,15,16,17,18,19,20,21,22,23,24,25,26,27,28,29,30,31,32,33,34,35,36,37,38,49,50,51,52,53,54],"COUNT_VALUE":[8,10,12,17,27,50,81,176,235,362,542,804,941,1219,1406,1685,1989,2248,2513,2756,2812,2932,3138,3945,3059,3078,2925,2821,2566,2467,2195,1905,1526,1133,690,266,147,19,7,5605,12113,12996,13182,13995,7296],"PERCENT_VALUE":[7e-05,8e-05,0.0001,0.00014,0.00023,0.00042,0.00068,0.00147,0.00196,0.00302,0.00452,0.0067,0.00785,0.01017,0.01173,0.01405,0.01659,0.01875,0.02096,0.02298,0.02345,0.02445,0.02617,0.0329,0.02551,0.02567,0.02439,0.02353,0.0214,0.02057,0.01831,0.01589,0.01273,0.00945,0.00575,0.00222,0.00123,0.00016,6e-05,0.04674,0.10102,0.10838,0.10993,0.11671,0.06084]}}}
