{"CONCEPT_ID":4140387,"CONCEPT_PATH":"Hospital-based outpatient department","NUM_PERSONS":119052,"PERCENT_PERSONS":0.992828073920875,"RECORDS_PER_PERSON":2.05770587642375}
