{"CONCEPT_ID":4140387,"CONCEPT_PATH":"Hospital-based outpatient department","NUM_PERSONS":114809,"PERCENT_PERSONS":0.957443792114217,"RECORDS_PER_PERSON":2.63967110592375}
