{"PREVALENCE_BY_GENDER_AGE_YEAR":{"TRELLIS_NAME":["0-9","0-9","0-9","0-9","0-9","0-9","0-9","0-9","0-9","0-9","0-9","0-9"],"SERIES_NAME":["FEMALE","MALE","MALE","FEMALE","MALE","FEMALE","FEMALE","MALE","MALE","FEMALE","MALE","FEMALE"],"X_CALENDAR_YEAR":[2015,2015,2016,2016,2017,2017,2018,2018,2019,2019,2020,2020],"Y_PREVALENCE_1000PP":[178.62426,195.17241,198.98122,185.26598,130.36971,111.07659,102.50951,122.13175,127.24488,103.22024,126.32944,112.65647]},"PREVALENCE_BY_MONTH":{"X_CALENDAR_MONTH":[201506,201512,201805,202006,201612,201709,201704,201712,201710,201906,201907,201901,201811,201808,201804,201508,201703,201801,201607,201509,201911,201507,201810,201812,201609,201803,201505,201708,201802,201604,201701,202005,201711,201705,201608,201905,202007,201903,201511,202002,201807,201601,201510,201910,202001,201909,201706,201908,201611,201610,202003,201904,201707,201809,201806,201912,201606,201603,201702,202004,201902,201602,201605],"Y_PREVALENCE_1000PP":[44.1989,39.50954,7.81698,45.05673,20.08929,8.69754,10.75269,9.44926,10.00282,14.48407,15.47828,12.24926,10.70647,11.78268,10.02578,65.23224,13.38589,9.87672,23.98082,56.10473,21.49952,53.74716,10.30225,13.82306,23.07849,8.83829,48.7239,9.81675,9.27445,25.72899,19.21751,40.3312,8.67983,9.96157,24.85333,12.37133,55.61331,11.44305,43.94619,24.19502,10.56822,36.7899,47.34613,20.00503,24.30114,15.30731,9.87542,18.08476,18.66194,18.6824,28.69267,11.63657,10.48925,10.48218,9.59442,26.44266,27.73669,32.71098,17.87394,34.05931,12.00715,32.05448,24.9533]},"FREQUENCY_DISTRIBUTION":{"Y_NUM_PERSONS":[7,2,1,1,1,1,1,0,0,0,0,0,0,0,0,0,0,0,0,0,0,0,0,0,0,0,0,0,0,0,0,0,0,0,0,0,0,0,0,0,0,0,0,0,0,0,0,0,0,0,0,0,0,0,0,0,0,0,0,0,0,0,0,0,0,0,0],"X_COUNT":[1,2,3,4,5,6,7,8,9,10,11,12,13,14,15,16,17,18,19,20,22,23,24,25,26,27,28,29,30,31,32,33,34,35,36,37,38,39,40,42,43,44,45,46,47,49,50,51,53,54,55,63,64,67,70,72,73,77,81,85,96,102,106,112,113,123,126]},"MEASUREMENTS_BY_TYPE":{"CONCEPT_NAME":"EHR","COUNT_VALUE":24898},"AGE_AT_FIRST_OCCURRENCE":{"CATEGORY":["FEMALE","MALE"],"MIN_VALUE":[0,0],"P10_VALUE":[0,0],"P25_VALUE":[0,0],"MEDIAN_VALUE":[0,0],"P75_VALUE":[0,0],"P90_VALUE":[0,0],"MAX_VALUE":[1,1]},"RECORDS_BY_UNIT":{"CONCEPT_NAME":"No matching concept","COUNT_VALUE":24898},"MEASUREMENT_VALUE_DISTRIBUTION":{"CATEGORY":"No matching concept","MIN_VALUE":0.7,"P10_VALUE":62,"P25_VALUE":115,"MEDIAN_VALUE":199,"P75_VALUE":274,"P90_VALUE":351,"MAX_VALUE":1178},"LOWER_LIMIT_DISTRIBUTION":{"CATEGORY":[],"MIN_VALUE":[],"P10_VALUE":[],"P25_VALUE":[],"MEDIAN_VALUE":[],"P75_VALUE":[],"P90_VALUE":[],"MAX_VALUE":[]},"UPPER_LIMIT_DISTRIBUTION":{"CATEGORY":[],"MIN_VALUE":[],"P10_VALUE":[],"P25_VALUE":[],"MEDIAN_VALUE":[],"P75_VALUE":[],"P90_VALUE":[],"MAX_VALUE":[]},"VALUES_RELATIVE_TO_NORM":{"CONCEPT_NAME":[],"COUNT_VALUE":[]}}
