{"PREVALENCE_BY_GENDER_AGE_YEAR":{"TRELLIS_NAME":["0-9","0-9","0-9","0-9","0-9","0-9","0-9","0-9","0-9","0-9","0-9","0-9"],"SERIES_NAME":["MALE","FEMALE","MALE","FEMALE","FEMALE","MALE","MALE","FEMALE","MALE","FEMALE","FEMALE","MALE"],"X_CALENDAR_YEAR":[2015,2015,2016,2016,2017,2017,2018,2018,2019,2019,2020,2020],"Y_PREVALENCE_1000PP":[195.17241,178.25444,198.66285,185.09817,110.45518,129.77099,121.98372,102.05323,127.24488,102.78896,112.3783,126.32944]},"PREVALENCE_BY_MONTH":{"X_CALENDAR_MONTH":[201910,201712,201807,201610,201805,201606,201512,201710,202005,201505,201604,201902,201912,201507,201704,201601,201905,201809,202007,202003,201806,201706,201702,202006,201607,201703,201908,201510,201612,201608,201804,201609,201511,201801,201709,201509,201811,201602,201803,201808,201907,201701,201911,201611,201904,201705,201605,201603,201711,201707,202004,202002,201906,201810,201903,202001,201708,201506,201508,201802,201812,201909,201901],"Y_PREVALENCE_1000PP":[19.87921,9.44926,10.49584,18.6824,7.81698,27.73669,39.50954,10.00282,40.3312,48.7239,25.72899,11.922,26.44266,52.99016,10.75269,36.7899,12.27689,10.48218,55.61331,28.69267,9.59442,9.87542,17.7029,44.73258,23.98082,13.13953,18.08476,47.34613,20,24.74667,10.02578,23.07849,43.72197,9.87672,8.62506,55.83756,10.70647,32.05448,8.83829,11.78268,15.47828,18.8728,21.49952,18.56863,11.63657,9.96157,24.9533,32.56161,8.67983,10.41433,34.05931,24.19502,14.48407,10.30225,11.44305,24.30114,9.74404,44.1989,65.23224,9.20311,13.66509,15.30731,12.24926]},"FREQUENCY_DISTRIBUTION":{"Y_NUM_PERSONS":[7,2,1,1,1,1,1,0,0,0,0,0,0,0,0,0,0,0,0,0,0,0,0,0,0,0,0,0,0,0,0,0,0,0,0,0,0,0,0,0,0,0,0,0,0,0,0,0,0,0,0,0,0,0,0,0,0,0,0,0,0,0,0,0,0,0,0,0,0,0,0],"X_COUNT":[1,2,3,4,5,6,7,8,9,10,11,12,13,14,15,16,17,18,19,20,21,22,23,24,25,26,27,28,29,30,31,32,33,34,35,36,37,38,39,40,41,42,43,44,45,46,47,49,50,53,54,55,62,63,64,66,69,71,72,73,75,76,81,84,93,102,105,109,113,123,124]},"MEASUREMENTS_BY_TYPE":{"CONCEPT_NAME":"EHR","COUNT_VALUE":24692},"AGE_AT_FIRST_OCCURRENCE":{"CATEGORY":["FEMALE","MALE"],"MIN_VALUE":[0,0],"P10_VALUE":[0,0],"P25_VALUE":[0,0],"MEDIAN_VALUE":[0,0],"P75_VALUE":[0,0],"P90_VALUE":[0,0],"MAX_VALUE":[1,1]},"RECORDS_BY_UNIT":{"CONCEPT_NAME":"No matching concept","COUNT_VALUE":24692},"MEASUREMENT_VALUE_DISTRIBUTION":{"CATEGORY":"No matching concept","MIN_VALUE":0,"P10_VALUE":2.7,"P25_VALUE":5.6,"MEDIAN_VALUE":8.6,"P75_VALUE":12.3,"P90_VALUE":17.1,"MAX_VALUE":84.7},"LOWER_LIMIT_DISTRIBUTION":{"CATEGORY":[],"MIN_VALUE":[],"P10_VALUE":[],"P25_VALUE":[],"MEDIAN_VALUE":[],"P75_VALUE":[],"P90_VALUE":[],"MAX_VALUE":[]},"UPPER_LIMIT_DISTRIBUTION":{"CATEGORY":[],"MIN_VALUE":[],"P10_VALUE":[],"P25_VALUE":[],"MEDIAN_VALUE":[],"P75_VALUE":[],"P90_VALUE":[],"MAX_VALUE":[]},"VALUES_RELATIVE_TO_NORM":{"CONCEPT_NAME":[],"COUNT_VALUE":[]}}
