{"PREVALENCE_BY_GENDER_AGE_YEAR":{"TRELLIS_NAME":["0-9","0-9","0-9","0-9","0-9","0-9","0-9","0-9","0-9","0-9","0-9","0-9"],"SERIES_NAME":["MALE","FEMALE","MALE","FEMALE","MALE","FEMALE","MALE","FEMALE","MALE","FEMALE","MALE","FEMALE"],"X_CALENDAR_YEAR":[2015,2015,2016,2016,2017,2017,2018,2018,2019,2019,2020,2020],"Y_PREVALENCE_1000PP":[195.86207,179.36391,200.09551,186.27286,131.1181,112.0087,123.16802,103.72624,127.80175,104.37033,127.62646,114.60362]},"PREVALENCE_BY_MONTH":{"X_CALENDAR_MONTH":[201611,201604,201506,201703,201811,201710,201906,201911,201907,201605,201905,202001,201704,201606,201912,202004,201809,201603,201804,201608,201510,201910,201903,201708,201609,201812,201509,201810,201908,201701,201709,201602,201707,201909,201508,201802,201803,201712,202003,201806,201705,201807,201702,201801,201507,201511,201902,201607,202002,201711,201505,201901,201904,202007,201610,201808,201512,201612,202006,201601,202005,201805,201706],"Y_PREVALENCE_1000PP":[19.96827,27.01544,50.82873,14.12499,12.03501,10.56636,15.68275,23.40454,16.71654,26.02082,13.3157,26.04828,11.64201,28.47633,27.75749,36.60797,11.45553,34.50336,10.6703,26.34667,48.0937,21.26321,12.31656,10.25305,24.09516,14.77093,57.44056,11.05977,19.06526,19.99311,9.2049,33.88142,11.16356,17.41061,66.93989,10.13056,9.12112,9.80185,30.10709,10.10321,10.6675,11.29207,18.72915,10.78734,54.50416,45.73991,12.94388,25.12276,27.10569,9.58981,48.7239,13.15357,12.93986,57.17256,19.27237,12.65547,41.84508,20.80357,46.35332,38.23264,43.26923,8.39071,10.86296]},"FREQUENCY_DISTRIBUTION":{"Y_NUM_PERSONS":[7,3,2,1,1,1,1,1,1,1,1,1,0,0,0,0,0,0,0,0,0,0,0,0,0,0,0,0,0,0,0,0,0,0,0,0,0,0,0,0,0,0,0,0,0,0,0,0,0,0,0,0,0,0,0,0,0,0,0,0,0,0,0,0,0,0,0,0,0,0,0,0,0,0,0,0,0,0,0,0,0,0,0,0,0,0,0],"X_COUNT":[1,2,3,4,5,6,7,8,9,10,11,12,13,14,15,16,17,18,19,20,21,22,23,24,25,26,27,28,29,30,31,32,33,34,35,36,37,38,39,40,41,42,43,44,45,46,47,49,50,51,52,53,54,56,57,58,59,62,63,64,65,66,67,68,69,70,72,73,74,76,77,80,81,85,88,97,101,102,104,106,109,124,125,126,138,149,167]},"MEASUREMENTS_BY_TYPE":{"CONCEPT_NAME":"EHR","COUNT_VALUE":33552},"AGE_AT_FIRST_OCCURRENCE":{"CATEGORY":["FEMALE","MALE"],"MIN_VALUE":[0,0],"P10_VALUE":[0,0],"P25_VALUE":[0,0],"MEDIAN_VALUE":[0,0],"P75_VALUE":[0,0],"P90_VALUE":[0,0],"MAX_VALUE":[1,1]},"RECORDS_BY_UNIT":{"CONCEPT_NAME":"No matching concept","COUNT_VALUE":33552},"MEASUREMENT_VALUE_DISTRIBUTION":{"CATEGORY":"No matching concept","MIN_VALUE":0,"P10_VALUE":32.4,"P25_VALUE":38,"MEDIAN_VALUE":45.6,"P75_VALUE":54.4,"P90_VALUE":61.3,"MAX_VALUE":501},"LOWER_LIMIT_DISTRIBUTION":{"CATEGORY":[],"MIN_VALUE":[],"P10_VALUE":[],"P25_VALUE":[],"MEDIAN_VALUE":[],"P75_VALUE":[],"P90_VALUE":[],"MAX_VALUE":[]},"UPPER_LIMIT_DISTRIBUTION":{"CATEGORY":[],"MIN_VALUE":[],"P10_VALUE":[],"P25_VALUE":[],"MEDIAN_VALUE":[],"P75_VALUE":[],"P90_VALUE":[],"MAX_VALUE":[]},"VALUES_RELATIVE_TO_NORM":{"CONCEPT_NAME":[],"COUNT_VALUE":[]}}
