{"PREVALENCE_BY_GENDER_AGE_YEAR":{"TRELLIS_NAME":["0-9","0-9","0-9","0-9","0-9","0-9","0-9","0-9","0-9","0-9","0-9","0-9"],"SERIES_NAME":["FEMALE","MALE","MALE","FEMALE","FEMALE","MALE","MALE","FEMALE","FEMALE","MALE","FEMALE","MALE"],"X_CALENDAR_YEAR":[2015,2015,2016,2016,2017,2017,2018,2018,2019,2019,2020,2020],"Y_PREVALENCE_1000PP":[167.52959,187.58621,190.54441,175.86843,99.7359,121.38901,115.47002,94.44867,98.76366,122.51149,112.65647,126.32944]},"PREVALENCE_BY_MONTH":{"X_CALENDAR_MONTH":[202006,201601,201607,201907,201604,201712,201910,201507,201903,201710,201704,202007,201509,201609,201701,201811,202005,201911,201901,201611,201902,201703,201508,201603,201702,201506,201706,201805,202002,201605,201511,201803,201807,201707,201608,202004,201908,201906,201809,201801,201612,201802,201602,201806,201512,201705,201505,201912,202003,201904,201905,202001,201606,201810,201610,201812,201804,201510,201708,201711,201909,201808,201709],"Y_PREVALENCE_1000PP":[45.05673,34.98647,23.40984,15.47828,25.01429,9.1672,19.87921,52.99016,10.48218,9.36884,9.94422,55.61331,52.36441,22.36682,17.92485,9.92498,40.3312,21.49952,11.26274,17.3556,11.49621,12.23618,62.84153,30.61987,16.42008,44.1989,8.05226,7.60184,24.19502,23.88578,41.03139,8.06052,9.98914,9.3654,23.46667,34.05931,18.08476,13.68495,9.8832,9.52648,18.83929,8.70372,29.89537,9.08562,37.174,9.25563,48.7239,26.44266,28.69267,10.33327,10.86033,24.30114,27.12032,9.77199,17.60079,12.48025,9.30965,45.3526,9.08959,7.83984,15.30731,10.76442,8.33515]},"FREQUENCY_DISTRIBUTION":{"Y_NUM_PERSONS":[7,2,1,1,1,1,1,0,0,0,0,0,0,0,0,0,0,0,0,0,0,0,0,0,0,0,0,0,0,0,0,0,0,0,0,0,0,0,0,0,0,0,0,0,0,0,0,0,0,0,0,0,0,0,0,0,0,0,0,0,0,0,0,0,0,0,0],"X_COUNT":[1,2,3,4,5,6,7,8,9,10,11,12,13,14,15,16,17,18,19,20,21,22,23,24,25,26,27,28,29,30,31,32,33,34,36,37,38,39,40,41,42,43,45,47,48,49,50,53,54,55,58,60,63,64,65,67,70,71,72,75,76,92,95,105,107,109,113]},"MEASUREMENTS_BY_TYPE":{"CONCEPT_NAME":"EHR","COUNT_VALUE":22941},"AGE_AT_FIRST_OCCURRENCE":{"CATEGORY":["FEMALE","MALE"],"MIN_VALUE":[0,0],"P10_VALUE":[0,0],"P25_VALUE":[0,0],"MEDIAN_VALUE":[0,0],"P75_VALUE":[0,0],"P90_VALUE":[0,0],"MAX_VALUE":[1,1]},"RECORDS_BY_UNIT":{"CONCEPT_NAME":"No matching concept","COUNT_VALUE":22941},"MEASUREMENT_VALUE_DISTRIBUTION":{"CATEGORY":"No matching concept","MIN_VALUE":0,"P10_VALUE":2.1,"P25_VALUE":3.9,"MEDIAN_VALUE":7.5,"P75_VALUE":12.6,"P90_VALUE":18,"MAX_VALUE":80.16},"LOWER_LIMIT_DISTRIBUTION":{"CATEGORY":[],"MIN_VALUE":[],"P10_VALUE":[],"P25_VALUE":[],"MEDIAN_VALUE":[],"P75_VALUE":[],"P90_VALUE":[],"MAX_VALUE":[]},"UPPER_LIMIT_DISTRIBUTION":{"CATEGORY":[],"MIN_VALUE":[],"P10_VALUE":[],"P25_VALUE":[],"MEDIAN_VALUE":[],"P75_VALUE":[],"P90_VALUE":[],"MAX_VALUE":[]},"VALUES_RELATIVE_TO_NORM":{"CONCEPT_NAME":[],"COUNT_VALUE":[]}}
