{"PREVALENCE_BY_GENDER_AGE_YEAR":{"TRELLIS_NAME":["0-9","0-9","0-9","0-9","0-9","0-9","0-9","0-9","0-9","0-9","0-9","0-9"],"SERIES_NAME":["FEMALE","MALE","FEMALE","MALE","FEMALE","MALE","MALE","FEMALE","FEMALE","MALE","MALE","FEMALE"],"X_CALENDAR_YEAR":[2015,2015,2016,2016,2017,2017,2018,2018,2019,2019,2020,2020],"Y_PREVALENCE_1000PP":[178.25444,195.17241,185.09817,198.66285,110.45518,129.77099,121.98372,102.05323,102.78896,127.24488,126.32944,112.65647]},"PREVALENCE_BY_MONTH":{"X_CALENDAR_MONTH":[201602,201609,201509,201802,201508,201612,201712,201910,201801,201803,201903,201607,202006,201709,201911,201812,201704,201805,201601,201710,201909,201604,201811,201904,202004,201510,202001,201901,201506,202005,201507,202003,201809,202007,201810,201702,201907,201511,201908,201711,201505,201906,201605,202002,201606,201902,201708,201912,201610,201705,201603,201804,201703,201608,201807,201707,201611,201512,201905,201806,201706,201701,201808],"Y_PREVALENCE_1000PP":[32.05448,23.07849,55.83756,9.20311,65.23224,20,9.44926,19.87921,9.87672,8.83829,11.44305,23.98082,45.05673,8.62506,21.49952,13.66509,10.75269,7.81698,36.7899,10.00282,15.30731,25.72899,10.70647,11.63657,34.05931,47.34613,24.30114,12.24926,44.1989,40.3312,52.99016,28.69267,10.48218,55.61331,10.30225,17.7029,15.47828,43.72197,18.08476,8.67983,48.7239,14.48407,24.9533,24.19502,27.73669,11.922,9.74404,26.44266,18.6824,9.96157,32.56161,10.02578,13.13953,24.74667,10.49584,10.41433,18.56863,39.50954,12.27689,9.59442,9.87542,18.8728,11.78268]},"FREQUENCY_DISTRIBUTION":{"Y_NUM_PERSONS":[7,2,1,1,1,1,1,0,0,0,0,0,0,0,0,0,0,0,0,0,0,0,0,0,0,0,0,0,0,0,0,0,0,0,0,0,0,0,0,0,0,0,0,0,0,0,0,0,0,0,0,0,0,0,0,0,0,0,0,0,0,0,0,0,0,0,0,0,0],"X_COUNT":[1,2,3,4,5,6,7,8,9,10,11,12,13,14,15,16,17,18,19,20,21,22,23,24,25,26,27,28,29,30,31,32,33,34,35,36,37,38,39,40,41,42,43,44,45,46,47,49,50,53,54,55,63,64,67,69,72,73,75,77,81,84,93,102,105,109,113,123,124]},"MEASUREMENTS_BY_TYPE":{"CONCEPT_NAME":"EHR","COUNT_VALUE":24702},"AGE_AT_FIRST_OCCURRENCE":{"CATEGORY":["FEMALE","MALE"],"MIN_VALUE":[0,0],"P10_VALUE":[0,0],"P25_VALUE":[0,0],"MEDIAN_VALUE":[0,0],"P75_VALUE":[0,0],"P90_VALUE":[0,0],"MAX_VALUE":[1,1]},"RECORDS_BY_UNIT":{"CONCEPT_NAME":"No matching concept","COUNT_VALUE":24702},"MEASUREMENT_VALUE_DISTRIBUTION":{"CATEGORY":"No matching concept","MIN_VALUE":0,"P10_VALUE":27.5,"P25_VALUE":42.7,"MEDIAN_VALUE":59.4,"P75_VALUE":71.1,"P90_VALUE":78.83,"MAX_VALUE":100},"LOWER_LIMIT_DISTRIBUTION":{"CATEGORY":[],"MIN_VALUE":[],"P10_VALUE":[],"P25_VALUE":[],"MEDIAN_VALUE":[],"P75_VALUE":[],"P90_VALUE":[],"MAX_VALUE":[]},"UPPER_LIMIT_DISTRIBUTION":{"CATEGORY":[],"MIN_VALUE":[],"P10_VALUE":[],"P25_VALUE":[],"MEDIAN_VALUE":[],"P75_VALUE":[],"P90_VALUE":[],"MAX_VALUE":[]},"VALUES_RELATIVE_TO_NORM":{"CONCEPT_NAME":[],"COUNT_VALUE":[]}}
