{"PREVALENCE_BY_GENDER_AGE_YEAR":{"TRELLIS_NAME":["0-9","0-9","0-9","0-9","0-9","0-9","0-9","0-9","0-9","0-9","0-9","0-9"],"SERIES_NAME":["MALE","FEMALE","MALE","FEMALE","MALE","FEMALE","FEMALE","MALE","FEMALE","MALE","FEMALE","MALE"],"X_CALENDAR_YEAR":[2015,2015,2016,2016,2017,2017,2018,2018,2019,2019,2020,2020],"Y_PREVALENCE_1000PP":[18.96552,13.31361,17.35116,14.09632,15.56653,13.67096,14.90494,17.76462,11.78838,16.28846,12.79555,22.30869]},"PREVALENCE_BY_MONTH":{"X_CALENDAR_MONTH":[201509,201510,201603,201906,201910,202004,201811,202002,201612,201902,201809,201712,201710,201904,201707,201606,201810,201912,202003,201508,201507,201808,201812,201602,201512,201911,201807,201601,201709,201609,201903,201607,201711,201605,201705,201908,202001,201511,201901,201611,201909,201702,201805,201803,201804,201802,201701,202007,201706,202005,201708,201905,201806,201604,201704,201610,202006,201801,201703,201907,201608],"Y_PREVALENCE_1000PP":[6.41197,3.48866,2.53921,2.09769,1.76145,4.63392,1.56299,4.72985,1.875,1.7883,1.79695,1.55137,1.54973,1.39639,2.39754,1.47929,1.43928,4.67495,5.25359,3.75683,6.05602,2.32744,1.97472,4.15213,4.28182,3.12968,1.4477,3.24617,1.73951,2.33835,0.78616,2.0555,1.46997,2.26848,1.33344,1.63416,4.6061,6.72646,1.72641,1.9595,2.33699,1.96699,2.07975,1.34342,1.43225,1.71221,1.72354,7.27651,1.67122,5.07479,1.52705,2.2665,2.10786,3.00172,2.18288,1.96657,8.42788,1.82124,2.05305,1.96058,2.34667]},"FREQUENCY_DISTRIBUTION":{"Y_NUM_PERSONS":[1,0,0,0,0,0,0,0,0,0,0,0,0,0,0,0,0,0,0,0,0,0,0,0,0,0,0,0,0,0,0,0,0,0,0,0,0,0,0,0],"X_COUNT":[1,2,3,4,5,6,7,8,9,10,11,12,13,14,15,16,17,18,19,20,21,22,23,24,25,27,28,29,30,31,34,35,39,40,44,60,61,62,70,79]},"MEASUREMENTS_BY_TYPE":{"CONCEPT_NAME":"EHR","COUNT_VALUE":4794},"AGE_AT_FIRST_OCCURRENCE":{"CATEGORY":["FEMALE","MALE"],"MIN_VALUE":[0,0],"P10_VALUE":[0,0],"P25_VALUE":[0,0],"MEDIAN_VALUE":[0,0],"P75_VALUE":[0,0],"P90_VALUE":[0,0],"MAX_VALUE":[1,1]},"RECORDS_BY_UNIT":{"CONCEPT_NAME":"No matching concept","COUNT_VALUE":4794},"MEASUREMENT_VALUE_DISTRIBUTION":{"CATEGORY":"No matching concept","MIN_VALUE":0.015,"P10_VALUE":23,"P25_VALUE":27,"MEDIAN_VALUE":31,"P75_VALUE":35,"P90_VALUE":38,"MAX_VALUE":55},"LOWER_LIMIT_DISTRIBUTION":{"CATEGORY":[],"MIN_VALUE":[],"P10_VALUE":[],"P25_VALUE":[],"MEDIAN_VALUE":[],"P75_VALUE":[],"P90_VALUE":[],"MAX_VALUE":[]},"UPPER_LIMIT_DISTRIBUTION":{"CATEGORY":[],"MIN_VALUE":[],"P10_VALUE":[],"P25_VALUE":[],"MEDIAN_VALUE":[],"P75_VALUE":[],"P90_VALUE":[],"MAX_VALUE":[]},"VALUES_RELATIVE_TO_NORM":{"CONCEPT_NAME":[],"COUNT_VALUE":[]}}
