{"PREVALENCE_BY_GENDER_AGE_YEAR":{"TRELLIS_NAME":["0-9","0-9","0-9","0-9","0-9","0-9","0-9","0-9","0-9","0-9","0-9","0-9"],"SERIES_NAME":["MALE","FEMALE","MALE","FEMALE","FEMALE","MALE","MALE","FEMALE","MALE","FEMALE","FEMALE","MALE"],"X_CALENDAR_YEAR":[2015,2015,2016,2016,2017,2017,2018,2018,2019,2019,2020,2020],"Y_PREVALENCE_1000PP":[4.82759,3.3284,2.86533,3.18845,4.03915,4.7897,5.03331,3.19392,5.84714,5.75043,3.8943,7.26329]},"PREVALENCE_BY_MONTH":{"X_CALENDAR_MONTH":[201709,201712,201908,201902,201610,201906,202001,201812,201707,202002,201806,201905,201911,201701,201910,202005,201912,201810,201612,201805,201907,201511,202004,201703,201704,201509,201710,201801,201603],"Y_PREVALENCE_1000PP":[0.43488,0.49362,0.9805,0.68126,0.58997,0.59934,1.42948,0.78989,0.44954,1.27342,0.58148,0.7555,1.63288,0.60324,1.00654,1.86966,1.60701,0.60601,0.53571,0.43029,0.9287,1.34529,2.31696,0.98546,0.56593,1.87016,0.42265,0.56038,1.04556]},"FREQUENCY_DISTRIBUTION":{"Y_NUM_PERSONS":[0,0,0,0,0,0,0,0,0,0,0,0,0],"X_COUNT":[1,2,3,4,5,6,7,9,10,12,13,15,16]},"MEASUREMENTS_BY_TYPE":{"CONCEPT_NAME":"EHR","COUNT_VALUE":800},"AGE_AT_FIRST_OCCURRENCE":{"CATEGORY":["FEMALE","MALE"],"MIN_VALUE":[0,0],"P10_VALUE":[0,0],"P25_VALUE":[0,0],"MEDIAN_VALUE":[0,0],"P75_VALUE":[0,0],"P90_VALUE":[0,0],"MAX_VALUE":[1,1]},"RECORDS_BY_UNIT":{"CONCEPT_NAME":"No matching concept","COUNT_VALUE":800},"MEASUREMENT_VALUE_DISTRIBUTION":{"CATEGORY":"No matching concept","MIN_VALUE":5,"P10_VALUE":325,"P25_VALUE":474,"MEDIAN_VALUE":751,"P75_VALUE":1190,"P90_VALUE":2073,"MAX_VALUE":33009},"LOWER_LIMIT_DISTRIBUTION":{"CATEGORY":[],"MIN_VALUE":[],"P10_VALUE":[],"P25_VALUE":[],"MEDIAN_VALUE":[],"P75_VALUE":[],"P90_VALUE":[],"MAX_VALUE":[]},"UPPER_LIMIT_DISTRIBUTION":{"CATEGORY":[],"MIN_VALUE":[],"P10_VALUE":[],"P25_VALUE":[],"MEDIAN_VALUE":[],"P75_VALUE":[],"P90_VALUE":[],"MAX_VALUE":[]},"VALUES_RELATIVE_TO_NORM":{"CONCEPT_NAME":[],"COUNT_VALUE":[]}}
