{"PREVALENCE_BY_GENDER_AGE_YEAR":{"TRELLIS_NAME":["0-9","0-9","0-9","0-9","0-9","0-9","0-9","0-9","0-9","0-9","0-9","0-9"],"SERIES_NAME":["MALE","FEMALE","MALE","FEMALE","MALE","FEMALE","MALE","FEMALE","FEMALE","MALE","MALE","FEMALE"],"X_CALENDAR_YEAR":[2015,2015,2016,2016,2017,2017,2018,2018,2019,2019,2020,2020],"Y_PREVALENCE_1000PP":[42.41379,34.02367,38.20439,37.75801,31.5821,29.98291,33.16062,29.5057,27.31455,34.10831,32.94423,30.59805]},"PREVALENCE_BY_MONTH":{"X_CALENDAR_MONTH":[201607,201702,201811,201708,201812,201509,202007,201604,201907,201612,201802,201905,201909,201512,201603,201808,201711,201904,201701,201510,201809,201804,201602,201902,201606,201601,201801,201508,201911,201505,201807,201710,201908,201810,201507,201901,201712,201709,202002,201609,201906,201912,201803,202004,201511,201703,202006,201805,201610,201910,201903,201706,201605,201705,201506,202001,201806,201611,201704,201707,201608,202003,202005],"Y_PREVALENCE_1000PP":[4.91036,2.65116,2.26633,2.47237,3.00158,9.35079,12.99376,4.4311,2.88928,3.30357,2.2116,3.022,4.55714,6.61736,6.72143,2.9093,2.23996,3.25824,3.36091,7.72489,2.69542,2.36322,4.31822,3.32113,4.56114,7.93508,2.52171,10.58743,5.71506,13.92111,2.82302,2.67681,4.57566,2.87857,20.43906,2.71292,2.53861,2.24687,5.45752,4.06669,2.59714,6.57414,2.61614,8.34106,10.08969,3.20276,14.91086,1.93632,2.85152,5.03271,2.96995,2.27894,4.27008,2.58844,6.62983,5.24142,2.47129,4.38556,2.34457,2.39754,5.76,5.45565,10.68376]},"FREQUENCY_DISTRIBUTION":{"Y_NUM_PERSONS":2,"X_COUNT":1},"MEASUREMENTS_BY_TYPE":{"CONCEPT_NAME":"EHR","COUNT_VALUE":2174},"AGE_AT_FIRST_OCCURRENCE":{"CATEGORY":["MALE","FEMALE"],"MIN_VALUE":[0,0],"P10_VALUE":[0,0],"P25_VALUE":[0,0],"MEDIAN_VALUE":[0,0],"P75_VALUE":[0,0],"P90_VALUE":[0,0],"MAX_VALUE":[0,0]},"RECORDS_BY_UNIT":{"CONCEPT_NAME":"No matching concept","COUNT_VALUE":2174},"MEASUREMENT_VALUE_DISTRIBUTION":{"CATEGORY":[],"MIN_VALUE":[],"P10_VALUE":[],"P25_VALUE":[],"MEDIAN_VALUE":[],"P75_VALUE":[],"P90_VALUE":[],"MAX_VALUE":[]},"LOWER_LIMIT_DISTRIBUTION":{"CATEGORY":[],"MIN_VALUE":[],"P10_VALUE":[],"P25_VALUE":[],"MEDIAN_VALUE":[],"P75_VALUE":[],"P90_VALUE":[],"MAX_VALUE":[]},"UPPER_LIMIT_DISTRIBUTION":{"CATEGORY":[],"MIN_VALUE":[],"P10_VALUE":[],"P25_VALUE":[],"MEDIAN_VALUE":[],"P75_VALUE":[],"P90_VALUE":[],"MAX_VALUE":[]},"VALUES_RELATIVE_TO_NORM":{"CONCEPT_NAME":[],"COUNT_VALUE":[]}}
