{"PREVALENCE_BY_GENDER_AGE_YEAR":{"TRELLIS_NAME":["0-9","0-9","0-9","0-9","0-9","0-9","0-9","0-9","0-9","0-9","0-9","0-9"],"SERIES_NAME":["FEMALE","MALE","FEMALE","MALE","FEMALE","MALE","MALE","FEMALE","MALE","FEMALE","FEMALE","MALE"],"X_CALENDAR_YEAR":[2015,2015,2016,2016,2017,2017,2018,2018,2019,2019,2020,2020],"Y_PREVALENCE_1000PP":[31.43491,39.65517,32.72361,34.22477,25.63306,28.88789,29.6077,27.8327,28.67883,24.72685,23.08762,27.23735]},"PREVALENCE_BY_MONTH":{"X_CALENDAR_MONTH":[201807,201704,201711,201901,202006,202003,201805,201608,201612,201709,201706,201705,202005,201810,201906,201908,201903,201508,201611,201509,201904,201804,201910,202007,201507,201806,201702,202004,201803,201506,201808,201710,201511,201603,201701,201907,201703,201510,201812,201912,201708,202002,201905,201911,201811,201707,202001,201601,201809,201505,201802,201605,201801,201909,201609,201607,201606,201902,201604,201602,201712,201512,201610],"Y_PREVALENCE_1000PP":[2.38871,2.02118,1.95996,2.46629,12.31767,4.24328,1.72117,5.76,2.67857,2.17439,2.12701,2.27469,6.41026,2.72707,2.19758,4.46672,3.14465,10.2459,3.73239,8.81646,2.5135,2.29161,4.90689,11.43451,20.43906,2.18055,2.48012,7.87766,2.47472,7.73481,2.76384,2.53593,8.96861,5.97461,2.93002,1.96058,2.95639,6.72813,2.68562,4.82104,1.96335,4.1841,2.36094,4.89863,2.11003,1.87308,4.12961,7.21371,2.62055,13.92111,1.85489,3.46944,2.31157,4.08974,3.15169,4.33939,4.19132,2.9805,4.00229,4.31822,2.18602,5.83885,2.26155]},"FREQUENCY_DISTRIBUTION":{"Y_NUM_PERSONS":2,"X_COUNT":1},"MEASUREMENTS_BY_TYPE":{"CONCEPT_NAME":"EHR","COUNT_VALUE":1917},"AGE_AT_FIRST_OCCURRENCE":{"CATEGORY":["MALE","FEMALE"],"MIN_VALUE":[0,0],"P10_VALUE":[0,0],"P25_VALUE":[0,0],"MEDIAN_VALUE":[0,0],"P75_VALUE":[0,0],"P90_VALUE":[0,0],"MAX_VALUE":[0,0]},"RECORDS_BY_UNIT":{"CONCEPT_NAME":"No matching concept","COUNT_VALUE":1917},"MEASUREMENT_VALUE_DISTRIBUTION":{"CATEGORY":"No matching concept","MIN_VALUE":0,"P10_VALUE":34,"P25_VALUE":40,"MEDIAN_VALUE":50,"P75_VALUE":60,"P90_VALUE":70,"MAX_VALUE":120},"LOWER_LIMIT_DISTRIBUTION":{"CATEGORY":[],"MIN_VALUE":[],"P10_VALUE":[],"P25_VALUE":[],"MEDIAN_VALUE":[],"P75_VALUE":[],"P90_VALUE":[],"MAX_VALUE":[]},"UPPER_LIMIT_DISTRIBUTION":{"CATEGORY":[],"MIN_VALUE":[],"P10_VALUE":[],"P25_VALUE":[],"MEDIAN_VALUE":[],"P75_VALUE":[],"P90_VALUE":[],"MAX_VALUE":[]},"VALUES_RELATIVE_TO_NORM":{"CONCEPT_NAME":[],"COUNT_VALUE":[]}}
