{"PREVALENCE_BY_GENDER_AGE_YEAR":{"TRELLIS_NAME":["0-9","0-9","0-9","0-9","0-9","0-9","0-9","0-9","0-9","0-9","0-9","0-9"],"SERIES_NAME":["FEMALE","MALE","FEMALE","MALE","MALE","FEMALE","MALE","FEMALE","MALE","FEMALE","MALE","FEMALE"],"X_CALENDAR_YEAR":[2015,2015,2016,2016,2017,2017,2018,2018,2019,2019,2020,2020],"Y_PREVALENCE_1000PP":[13.31361,21.37931,17.78822,21.48997,18.70977,12.11745,25.0185,19.01141,21.85716,16.96377,30.09079,20.58414]},"PREVALENCE_BY_MONTH":{"X_CALENDAR_MONTH":[201904,201605,201601,201901,201703,202003,201611,201810,201612,201610,201905,201707,201508,201507,202005,201811,201604,202007,201702,201705,201807,201903,201509,201512,201608,201804,201805,201510,201907,201710,201912,201712,201603,201908,201802,201801,202006,201511,201812,201910,201906,201911,201803,202001,201809,202004,201607,201808,201909,201711,201602,201609,201902,201704,201701,201606,201709,201708,201806,201706,202002],"Y_PREVALENCE_1000PP":[1.95494,3.20256,3.60685,2.71292,1.06759,5.45565,2.79929,1.8938,0.98214,1.57325,2.45538,1.64831,4.78142,10.59803,7.47863,1.64114,2.42996,10.39501,1.11178,1.56875,1.59247,1.31027,4.00748,2.91942,3.62667,2.00516,1.8646,5.48218,1.7542,1.97239,4.23667,1.41034,3.28603,2.06994,1.71221,2.03138,7.45543,4.03587,2.44866,2.64217,2.29747,3.81004,2.12119,4.28844,1.94669,8.10936,2.74066,2.03651,2.68754,0.97998,2.15911,2.44002,2.29924,2.18288,1.63737,2.95858,1.73951,1.67248,1.59907,1.21544,5.45752]},"FREQUENCY_DISTRIBUTION":{"Y_NUM_PERSONS":[1,0,0,0,0,0,0,0,0,0],"X_COUNT":[1,2,3,4,5,6,7,8,9,10]},"MEASUREMENTS_BY_TYPE":{"CONCEPT_NAME":"EHR","COUNT_VALUE":1790},"AGE_AT_FIRST_OCCURRENCE":{"CATEGORY":["FEMALE","MALE"],"MIN_VALUE":[0,0],"P10_VALUE":[0,0],"P25_VALUE":[0,0],"MEDIAN_VALUE":[0,0],"P75_VALUE":[0,0],"P90_VALUE":[0,0],"MAX_VALUE":[1,1]},"RECORDS_BY_UNIT":{"CONCEPT_NAME":"No matching concept","COUNT_VALUE":1790},"MEASUREMENT_VALUE_DISTRIBUTION":{"CATEGORY":"No matching concept","MIN_VALUE":4.8,"P10_VALUE":58.6,"P25_VALUE":73.9,"MEDIAN_VALUE":84.7,"P75_VALUE":93.4,"P90_VALUE":97.5,"MAX_VALUE":99.9},"LOWER_LIMIT_DISTRIBUTION":{"CATEGORY":[],"MIN_VALUE":[],"P10_VALUE":[],"P25_VALUE":[],"MEDIAN_VALUE":[],"P75_VALUE":[],"P90_VALUE":[],"MAX_VALUE":[]},"UPPER_LIMIT_DISTRIBUTION":{"CATEGORY":[],"MIN_VALUE":[],"P10_VALUE":[],"P25_VALUE":[],"MEDIAN_VALUE":[],"P75_VALUE":[],"P90_VALUE":[],"MAX_VALUE":[]},"VALUES_RELATIVE_TO_NORM":{"CONCEPT_NAME":[],"COUNT_VALUE":[]}}
