{"PREVALENCE_BY_GENDER_AGE_YEAR":{"TRELLIS_NAME":["0-9","0-9","0-9","0-9","0-9","0-9","0-9","0-9","0-9","0-9","0-9","0-9"],"SERIES_NAME":["FEMALE","MALE","FEMALE","MALE","MALE","FEMALE","FEMALE","MALE","FEMALE","MALE","MALE","FEMALE"],"X_CALENDAR_YEAR":[2015,2015,2016,2016,2017,2017,2018,2018,2019,2019,2020,2020],"Y_PREVALENCE_1000PP":[13.31361,21.37931,17.78822,21.48997,18.70977,12.11745,19.01141,25.0185,16.96377,21.85716,30.09079,20.58414]},"PREVALENCE_BY_MONTH":{"X_CALENDAR_MONTH":[201908,202007,201711,201605,201509,201704,201611,201606,201901,201602,201710,201911,201903,201508,201909,201708,201612,201601,202001,201812,201801,201705,201706,201808,201905,201608,201806,202002,202003,201809,201603,201805,202004,201907,201510,201912,201511,201702,201804,201607,201904,201712,201910,201906,201610,201609,202005,201512,201810,201803,201703,201709,201507,201811,201902,201604,201701,201802,201807,201707,202006],"Y_PREVALENCE_1000PP":[2.06994,10.39501,0.97998,3.20256,4.00748,2.18288,2.79929,2.95858,2.71292,2.15911,1.97239,3.81004,1.31027,4.78142,2.68754,1.67248,0.98214,3.60685,4.28844,2.44866,2.03138,1.56875,1.21544,2.03651,2.45538,3.62667,1.59907,5.45752,5.45565,1.94669,3.28603,1.8646,8.10936,1.7542,5.48218,4.23667,4.03587,1.11178,2.00516,2.74066,1.95494,1.41034,2.64217,2.29747,1.57325,2.44002,7.47863,2.91942,1.8938,2.12119,1.06759,1.73951,10.59803,1.64114,2.29924,2.42996,1.63737,1.71221,1.59247,1.64831,7.45543]},"FREQUENCY_DISTRIBUTION":{"Y_NUM_PERSONS":[1,0,0,0,0,0,0,0,0,0],"X_COUNT":[1,2,3,4,5,6,7,8,9,10]},"MEASUREMENTS_BY_TYPE":{"CONCEPT_NAME":"EHR","COUNT_VALUE":1790},"AGE_AT_FIRST_OCCURRENCE":{"CATEGORY":["MALE","FEMALE"],"MIN_VALUE":[0,0],"P10_VALUE":[0,0],"P25_VALUE":[0,0],"MEDIAN_VALUE":[0,0],"P75_VALUE":[0,0],"P90_VALUE":[0,0],"MAX_VALUE":[1,1]},"RECORDS_BY_UNIT":{"CONCEPT_NAME":"No matching concept","COUNT_VALUE":1790},"MEASUREMENT_VALUE_DISTRIBUTION":{"CATEGORY":"No matching concept","MIN_VALUE":3.9,"P10_VALUE":18,"P25_VALUE":20.3,"MEDIAN_VALUE":22.3,"P75_VALUE":24.5,"P90_VALUE":27.4,"MAX_VALUE":46.3},"LOWER_LIMIT_DISTRIBUTION":{"CATEGORY":[],"MIN_VALUE":[],"P10_VALUE":[],"P25_VALUE":[],"MEDIAN_VALUE":[],"P75_VALUE":[],"P90_VALUE":[],"MAX_VALUE":[]},"UPPER_LIMIT_DISTRIBUTION":{"CATEGORY":[],"MIN_VALUE":[],"P10_VALUE":[],"P25_VALUE":[],"MEDIAN_VALUE":[],"P75_VALUE":[],"P90_VALUE":[],"MAX_VALUE":[]},"VALUES_RELATIVE_TO_NORM":{"CONCEPT_NAME":[],"COUNT_VALUE":[]}}
