{"PREVALENCE_BY_GENDER_AGE_YEAR":{"TRELLIS_NAME":["0-9","0-9","0-9","0-9","0-9","0-9","0-9","0-9","0-9","0-9","0-9","0-9"],"SERIES_NAME":["MALE","FEMALE","FEMALE","MALE","MALE","FEMALE","MALE","FEMALE","MALE","FEMALE","MALE","FEMALE"],"X_CALENDAR_YEAR":[2015,2015,2016,2016,2017,2017,2018,2018,2019,2019,2020,2020],"Y_PREVALENCE_1000PP":[71.37931,62.13018,59.40594,62.71888,64.5113,54.68386,61.88009,54.44867,61.81261,53.47901,67.96368,55.35466]},"PREVALENCE_BY_MONTH":{"X_CALENDAR_MONTH":[201906,201710,201512,201605,201802,201510,201607,201902,201905,201610,201904,201811,201803,201805,201708,201711,201507,201706,201810,201704,201608,201509,201604,201511,201809,201603,201609,201808,201702,201907,201701,201812,201709,201505,201903,201912,202001,201911,201705,201909,202005,202006,202003,201908,201901,202004,201801,201508,201601,201910,202007,201602,201612,201611,201807,201606,201707,201804,201506,201703,202002,201712,201806],"Y_PREVALENCE_1000PP":[8.79033,6.12849,16.93266,9.07393,6.34943,18.68926,10.39169,8.17508,8.0272,7.2763,7.35431,6.56455,6.15145,6.23924,5.52647,6.29987,35.57911,6.15314,6.43891,6.79117,9.6,21.37323,12.29274,19.73094,6.5888,12.69604,9.55673,7.05506,8.039,8.87421,7.32506,7.50395,5.87084,18.56148,6.63871,14.7553,16.35959,12.24656,6.51031,10.98387,24.30556,29.82172,18.79168,10.67654,6.16573,20.85264,7.91538,26.98087,15.14878,13.71414,28.58628,11.12772,7.14286,7.65139,6.44227,9.49211,6.59324,6.44514,19.8895,8.45857,16.7364,9.73133,6.03285]},"FREQUENCY_DISTRIBUTION":{"Y_NUM_PERSONS":[3,2,2,2,1,1,1,1,1,1,1,1,1,0,0,0,0,0,0,0,0,0,0,0,0,0,0,0,0,0,0,0,0,0,0,0,0,0,0,0,0,0,0,0,0,0,0,0,0,0,0,0,0,0,0,0,0,0,0,0,0,0,0,0,0,0,0,0,0,0,0,0,0,0,0,0,0,0,0,0,0,0,0,0,0,0,0,0,0,0,0,0,0,0,0],"X_COUNT":[1,2,3,4,5,6,7,8,9,10,11,12,13,14,15,16,17,18,19,20,21,22,23,24,25,26,27,28,29,30,31,32,33,34,35,36,37,38,39,40,41,42,43,44,45,46,47,48,49,50,51,52,53,54,55,56,57,58,59,60,61,62,63,64,65,66,67,68,69,70,71,72,73,75,78,79,83,84,86,87,89,95,97,101,103,108,109,112,119,132,133,135,137,145,158]},"MEASUREMENTS_BY_TYPE":{"CONCEPT_NAME":"EHR","COUNT_VALUE":31846},"AGE_AT_FIRST_OCCURRENCE":{"CATEGORY":["FEMALE","MALE"],"MIN_VALUE":[0,0],"P10_VALUE":[0,0],"P25_VALUE":[0,0],"MEDIAN_VALUE":[0,0],"P75_VALUE":[0,0],"P90_VALUE":[0,0],"MAX_VALUE":[1,1]},"RECORDS_BY_UNIT":{"CONCEPT_NAME":"No matching concept","COUNT_VALUE":31846},"MEASUREMENT_VALUE_DISTRIBUTION":{"CATEGORY":"No matching concept","MIN_VALUE":0,"P10_VALUE":11,"P25_VALUE":38,"MEDIAN_VALUE":90.3,"P75_VALUE":141,"P90_VALUE":189,"MAX_VALUE":506},"LOWER_LIMIT_DISTRIBUTION":{"CATEGORY":[],"MIN_VALUE":[],"P10_VALUE":[],"P25_VALUE":[],"MEDIAN_VALUE":[],"P75_VALUE":[],"P90_VALUE":[],"MAX_VALUE":[]},"UPPER_LIMIT_DISTRIBUTION":{"CATEGORY":[],"MIN_VALUE":[],"P10_VALUE":[],"P25_VALUE":[],"MEDIAN_VALUE":[],"P75_VALUE":[],"P90_VALUE":[],"MAX_VALUE":[]},"VALUES_RELATIVE_TO_NORM":{"CONCEPT_NAME":[],"COUNT_VALUE":[]}}
