{"PREVALENCE_BY_GENDER_AGE_YEAR":{"TRELLIS_NAME":["0-9","0-9","0-9","0-9","0-9","0-9","0-9","0-9","0-9","0-9","0-9","0-9"],"SERIES_NAME":["FEMALE","MALE","MALE","FEMALE","MALE","FEMALE","FEMALE","MALE","FEMALE","MALE","MALE","FEMALE"],"X_CALENDAR_YEAR":[2015,2015,2016,2016,2017,2017,2018,2018,2019,2019,2020,2020],"Y_PREVALENCE_1000PP":[35.13314,43.7931,39.31869,38.59708,32.48017,30.75967,30.57034,34.78905,309.80449,326.18683,316.47211,301.25174]},"PREVALENCE_BY_MONTH":{"X_CALENDAR_MONTH":[201708,201704,201711,201511,201702,201809,201910,201602,201802,201506,201612,201604,201707,202006,201610,202004,201811,201709,202007,201710,201808,201706,201507,201902,201609,201810,201908,202001,201605,201608,201906,201509,201905,201812,201904,201712,201512,201901,201603,201505,201806,201804,202002,201911,201606,201705,201510,201807,202003,201611,201803,201601,201903,201703,201701,202005,201912,201907,201805,201607,201909,201508,201801],"Y_PREVALENCE_1000PP":[2.54508,2.34457,2.30995,10.08969,2.65116,2.99491,50.32713,4.65039,2.28294,7.73481,3.57143,4.4311,2.47247,114.42464,2.85152,84.56905,2.26633,2.39182,86.79834,2.8177,2.98204,2.27894,20.43906,30.5714,4.27003,3.03007,48.04445,64.48539,4.27008,5.76,38.75737,10.15228,34.46973,3.00158,29.04487,2.60912,6.42273,28.69122,6.8708,13.92111,2.47129,2.43483,69.31053,52.38808,4.56114,2.74531,8.47246,2.96779,73.34815,4.57218,3.04037,8.11542,31.53389,3.20276,3.44709,92.41453,61.79693,46.7444,2.00803,5.02455,45.3377,10.92896,2.52171]},"FREQUENCY_DISTRIBUTION":{"Y_NUM_PERSONS":[7,4,4,3,2,2,2,2,1,1,1,1,1,1,1,0,0,0,0,0,0,0,0,0,0,0,0,0,0,0,0,0,0,0,0,0,0,0,0,0,0,0,0,0,0,0,0,0,0,0,0,0,0,0,0,0,0,0,0,0],"X_COUNT":[1,2,3,4,5,6,7,8,9,10,11,12,13,14,15,16,17,18,19,20,21,22,23,24,25,26,27,28,29,30,31,32,33,34,35,36,37,38,39,40,41,42,43,45,47,48,49,50,51,53,54,55,56,58,60,61,62,66,70,73]},"MEASUREMENTS_BY_TYPE":{"CONCEPT_NAME":"EHR","COUNT_VALUE":43719},"AGE_AT_FIRST_OCCURRENCE":{"CATEGORY":["MALE","FEMALE"],"MIN_VALUE":[0,0],"P10_VALUE":[0,0],"P25_VALUE":[0,0],"MEDIAN_VALUE":[0,0],"P75_VALUE":[0,0],"P90_VALUE":[0,0],"MAX_VALUE":[1,1]},"RECORDS_BY_UNIT":{"CONCEPT_NAME":"No matching concept","COUNT_VALUE":43719},"MEASUREMENT_VALUE_DISTRIBUTION":{"CATEGORY":"No matching concept","MIN_VALUE":0,"P10_VALUE":111,"P25_VALUE":120,"MEDIAN_VALUE":130,"P75_VALUE":140,"P90_VALUE":151,"MAX_VALUE":287},"LOWER_LIMIT_DISTRIBUTION":{"CATEGORY":[],"MIN_VALUE":[],"P10_VALUE":[],"P25_VALUE":[],"MEDIAN_VALUE":[],"P75_VALUE":[],"P90_VALUE":[],"MAX_VALUE":[]},"UPPER_LIMIT_DISTRIBUTION":{"CATEGORY":[],"MIN_VALUE":[],"P10_VALUE":[],"P25_VALUE":[],"MEDIAN_VALUE":[],"P75_VALUE":[],"P90_VALUE":[],"MAX_VALUE":[]},"VALUES_RELATIVE_TO_NORM":{"CONCEPT_NAME":[],"COUNT_VALUE":[]}}
