{"PREVALENCE_BY_GENDER_AGE_YEAR":{"TRELLIS_NAME":["0-9","0-9","0-9","0-9","0-9","0-9","0-9","0-9","0-9","0-9","0-9","0-9"],"SERIES_NAME":["FEMALE","MALE","MALE","FEMALE","MALE","FEMALE","FEMALE","MALE","FEMALE","MALE","FEMALE","MALE"],"X_CALENDAR_YEAR":[2015,2015,2016,2016,2017,2017,2018,2018,2019,2019,2020,2020],"Y_PREVALENCE_1000PP":[167.52959,187.58621,190.54441,175.86843,121.38901,99.7359,94.44867,115.47002,98.76366,122.51149,112.3783,126.32944]},"PREVALENCE_BY_MONTH":{"X_CALENDAR_MONTH":[201510,201911,201608,201904,201711,201611,201912,202004,201509,201706,201712,201806,201903,202006,201710,202007,201512,201908,201707,201612,201610,201907,201807,201709,201703,201506,201910,201808,201812,202005,201507,201607,201906,201511,201603,201810,201805,201701,202002,201609,201508,201601,201605,201803,201801,201604,201811,201802,201606,201708,201809,201901,201704,201902,201804,201602,202001,201705,201505,201909,202003,201905,201702],"Y_PREVALENCE_1000PP":[45.3526,21.49952,23.46667,10.33327,7.83984,17.3556,26.44266,34.05931,52.36441,8.05226,9.1672,9.08562,10.48218,44.73258,9.36884,55.61331,37.174,18.08476,9.3654,18.83929,17.60079,15.47828,9.98914,8.33515,12.23618,44.1989,19.87921,10.76442,12.48025,40.3312,52.99016,23.40984,13.68495,41.03139,30.61987,9.77199,7.60184,17.92485,24.19502,22.36682,62.84153,34.98647,23.88578,8.06052,9.52648,25.01429,9.92498,8.70372,27.12032,9.08959,9.8832,11.26274,9.94422,11.49621,9.30965,29.89537,24.30114,9.25563,48.7239,15.30731,28.69267,10.86033,16.42008]},"FREQUENCY_DISTRIBUTION":{"Y_NUM_PERSONS":[7,2,1,1,1,1,1,0,0,0,0,0,0,0,0,0,0,0,0,0,0,0,0,0,0,0,0,0,0,0,0,0,0,0,0,0,0,0,0,0,0,0,0,0,0,0,0,0,0,0,0,0,0,0,0,0,0,0,0,0,0,0,0,0,0,0,0,0,0,0],"X_COUNT":[1,2,3,4,5,6,7,8,9,10,11,12,13,14,15,16,17,18,19,20,21,22,23,24,25,26,27,28,29,30,31,32,33,34,35,36,37,38,39,40,41,42,43,45,47,48,49,50,53,54,55,58,60,62,63,64,65,66,67,70,71,72,75,76,92,95,104,107,109,113]},"MEASUREMENTS_BY_TYPE":{"CONCEPT_NAME":"EHR","COUNT_VALUE":22940},"AGE_AT_FIRST_OCCURRENCE":{"CATEGORY":["FEMALE","MALE"],"MIN_VALUE":[0,0],"P10_VALUE":[0,0],"P25_VALUE":[0,0],"MEDIAN_VALUE":[0,0],"P75_VALUE":[0,0],"P90_VALUE":[0,0],"MAX_VALUE":[1,1]},"RECORDS_BY_UNIT":{"CONCEPT_NAME":"No matching concept","COUNT_VALUE":22940},"MEASUREMENT_VALUE_DISTRIBUTION":{"CATEGORY":"No matching concept","MIN_VALUE":0,"P10_VALUE":1.4,"P25_VALUE":2.4,"MEDIAN_VALUE":3.7,"P75_VALUE":5.1,"P90_VALUE":6.73,"MAX_VALUE":91.8},"LOWER_LIMIT_DISTRIBUTION":{"CATEGORY":[],"MIN_VALUE":[],"P10_VALUE":[],"P25_VALUE":[],"MEDIAN_VALUE":[],"P75_VALUE":[],"P90_VALUE":[],"MAX_VALUE":[]},"UPPER_LIMIT_DISTRIBUTION":{"CATEGORY":[],"MIN_VALUE":[],"P10_VALUE":[],"P25_VALUE":[],"MEDIAN_VALUE":[],"P75_VALUE":[],"P90_VALUE":[],"MAX_VALUE":[]},"VALUES_RELATIVE_TO_NORM":{"CONCEPT_NAME":[],"COUNT_VALUE":[]}}
