{"PREVALENCE_BY_GENDER_AGE_YEAR":{"TRELLIS_NAME":["0-9","0-9","0-9","0-9","0-9","0-9","0-9","0-9","0-9","0-9","0-9","0-9"],"SERIES_NAME":["FEMALE","MALE","FEMALE","MALE","MALE","FEMALE","FEMALE","MALE","FEMALE","MALE","MALE","FEMALE"],"X_CALENDAR_YEAR":[2015,2015,2016,2016,2017,2017,2018,2018,2019,2019,2020,2020],"Y_PREVALENCE_1000PP":[34.76331,43.10345,37.92583,38.84113,32.18081,30.60432,30.26616,34.78905,973.26049,973.68787,942.67185,944.36718]},"PREVALENCE_BY_MONTH":{"X_CALENDAR_MONTH":[201704,201801,202002,201810,201712,201701,201908,201705,201806,201808,201902,202006,201507,201912,201605,201609,201906,201709,201803,201604,201509,201901,201603,201602,201611,201706,201707,201608,201710,201508,201702,201606,201809,201805,201811,201505,201612,201911,201804,201510,201812,201511,201610,201904,202004,202003,201506,201607,201802,201512,201905,201907,201708,201807,201711,202005,202001,201601,202007,201703,201910,201909,201903],"Y_PREVALENCE_1000PP":[2.34457,2.52171,206.29434,2.87857,2.60912,3.44709,140.42924,2.66688,2.54397,2.98204,98.52678,346.83955,20.43906,181.5924,4.27008,4.27003,116.17221,2.39182,3.04037,4.4311,10.15228,91.17067,6.8708,4.65039,4.47887,2.27894,2.47247,5.54667,2.74725,10.92896,2.65116,4.56114,2.92004,1.93632,2.26633,13.92111,3.30357,166.14505,2.43483,8.22327,3.08057,9.86547,2.85152,100.26066,259.26784,239.84643,7.73481,4.91036,2.28294,6.2281,113.89177,131.77175,2.47237,2.96779,2.30995,296.74145,194.40915,8.11542,252.59875,3.20276,154.00101,146.06216,105.87002]},"FREQUENCY_DISTRIBUTION":{"Y_NUM_PERSONS":[19,12,10,9,8,8,7,6,5,4,3,2,2,1,1,1,1,1,0,0,0,0,0,0,0,0,0,0,0,0,0,0,0,0,0,0,0,0,0,0,0,0,0,0,0,0,0,0,0,0],"X_COUNT":[1,2,3,4,5,6,7,8,9,10,11,12,13,14,15,16,17,18,19,20,21,22,23,24,25,26,27,28,29,30,31,32,33,34,35,36,37,38,39,40,41,42,43,44,45,47,48,50,54,55]},"MEASUREMENTS_BY_TYPE":{"CONCEPT_NAME":"EHR","COUNT_VALUE":121378},"AGE_AT_FIRST_OCCURRENCE":{"CATEGORY":["FEMALE","MALE"],"MIN_VALUE":[0,0],"P10_VALUE":[0,0],"P25_VALUE":[0,0],"MEDIAN_VALUE":[0,0],"P75_VALUE":[0,0],"P90_VALUE":[0,0],"MAX_VALUE":[1,1]},"RECORDS_BY_UNIT":{"CONCEPT_NAME":"No matching concept","COUNT_VALUE":121378},"MEASUREMENT_VALUE_DISTRIBUTION":{"CATEGORY":"No matching concept","MIN_VALUE":0,"P10_VALUE":36.5,"P25_VALUE":36.6,"MEDIAN_VALUE":36.7,"P75_VALUE":36.9,"P90_VALUE":37.1,"MAX_VALUE":57},"LOWER_LIMIT_DISTRIBUTION":{"CATEGORY":[],"MIN_VALUE":[],"P10_VALUE":[],"P25_VALUE":[],"MEDIAN_VALUE":[],"P75_VALUE":[],"P90_VALUE":[],"MAX_VALUE":[]},"UPPER_LIMIT_DISTRIBUTION":{"CATEGORY":[],"MIN_VALUE":[],"P10_VALUE":[],"P25_VALUE":[],"MEDIAN_VALUE":[],"P75_VALUE":[],"P90_VALUE":[],"MAX_VALUE":[]},"VALUES_RELATIVE_TO_NORM":{"CONCEPT_NAME":[],"COUNT_VALUE":[]}}
