{"PREVALENCE_BY_GENDER_AGE_YEAR":{"TRELLIS_NAME":["0-9","0-9","0-9","0-9","0-9","0-9","0-9","0-9","0-9","0-9","0-9","0-9"],"SERIES_NAME":["MALE","FEMALE","MALE","FEMALE","MALE","FEMALE","FEMALE","MALE","FEMALE","MALE","MALE","FEMALE"],"X_CALENDAR_YEAR":[2015,2015,2016,2016,2017,2017,2018,2018,2019,2019,2020,2020],"Y_PREVALENCE_1000PP":[15.86207,7.76627,14.16746,11.07568,11.82458,9.78717,9.88593,13.02739,11.3571,13.08645,22.04929,11.12656]},"PREVALENCE_BY_MONTH":{"X_CALENDAR_MONTH":[201910,201806,201710,201808,201903,201811,201810,201904,201510,201703,201707,201605,201803,201911,201701,202002,201909,201905,201805,201802,201508,201606,201907,201511,201509,201611,202007,201812,201711,201807,201607,201708,202006,201612,201610,201712,201602,201512,201705,202004,202005,201706,201809,201603,201908,201901,201702,201902,201604,201801,201507,202003,201709,201704,201804,201601,201906,201608,201609,201912,202001],"Y_PREVALENCE_1000PP":[2.1389,1.4537,1.33841,0.87279,1.22292,1.17224,1.13628,1.39639,2.24271,1.14971,1.12385,1.20096,0.91918,2.17717,1.29266,3.82027,1.6359,1.41656,0.9323,1.28415,4.43989,1.72584,1.44464,3.36323,4.27465,1.9595,9.87526,1.4218,1.18998,0.94101,1.14194,0.94532,7.77958,1.78571,1.67158,1.05775,2.49128,3.11405,0.86281,3.93883,5.07479,0.75965,1.12309,1.64302,1.74311,1.23315,1.36834,1.27736,2.14408,1.26086,5.29902,3.83916,1.37711,1.45525,1.07419,3.24617,1.49835,1.49333,1.62668,3.79839,5.08259]},"FREQUENCY_DISTRIBUTION":{"Y_NUM_PERSONS":[1,0,0,0,0,0,0,0,0,0,0,0,0,0,0],"X_COUNT":[1,2,3,4,5,6,7,8,9,10,11,12,14,15,16]},"MEASUREMENTS_BY_TYPE":{"CONCEPT_NAME":"EHR","COUNT_VALUE":1734},"AGE_AT_FIRST_OCCURRENCE":{"CATEGORY":["MALE","FEMALE"],"MIN_VALUE":[0,0],"P10_VALUE":[0,0],"P25_VALUE":[0,0],"MEDIAN_VALUE":[0,0],"P75_VALUE":[0,0],"P90_VALUE":[0,0],"MAX_VALUE":[1,1]},"RECORDS_BY_UNIT":{"CONCEPT_NAME":"No matching concept","COUNT_VALUE":1734},"MEASUREMENT_VALUE_DISTRIBUTION":{"CATEGORY":"No matching concept","MIN_VALUE":1,"P10_VALUE":40,"P25_VALUE":67,"MEDIAN_VALUE":113,"P75_VALUE":201,"P90_VALUE":364,"MAX_VALUE":1634},"LOWER_LIMIT_DISTRIBUTION":{"CATEGORY":[],"MIN_VALUE":[],"P10_VALUE":[],"P25_VALUE":[],"MEDIAN_VALUE":[],"P75_VALUE":[],"P90_VALUE":[],"MAX_VALUE":[]},"UPPER_LIMIT_DISTRIBUTION":{"CATEGORY":[],"MIN_VALUE":[],"P10_VALUE":[],"P25_VALUE":[],"MEDIAN_VALUE":[],"P75_VALUE":[],"P90_VALUE":[],"MAX_VALUE":[]},"VALUES_RELATIVE_TO_NORM":{"CONCEPT_NAME":[],"COUNT_VALUE":[]}}
