{"PREVALENCE_BY_GENDER_AGE_YEAR":{"TRELLIS_NAME":["0-9","0-9","0-9","0-9","0-9","0-9","0-9","0-9","0-9","0-9","0-9","0-9"],"SERIES_NAME":["MALE","FEMALE","MALE","FEMALE","MALE","FEMALE","MALE","FEMALE","MALE","FEMALE","MALE","FEMALE"],"X_CALENDAR_YEAR":[2015,2015,2016,2016,2017,2017,2018,2018,2019,2019,2020,2020],"Y_PREVALENCE_1000PP":[167.24138,149.77811,173.67081,160.93304,95.94372,82.02579,87.78682,72.54753,90.76987,77.3433,93.12581,79.8331]},"PREVALENCE_BY_MONTH":{"X_CALENDAR_MONTH":[201905,201805,201712,201702,201710,201906,201907,201701,201509,201705,201809,201510,201902,201605,202002,201808,201901,201609,202003,201909,201707,201704,201910,202007,201608,201607,201602,201811,201603,201803,201506,201512,201912,201812,202001,201511,201904,201505,201908,201911,201611,201708,201601,201810,201507,201703,201604,201612,201606,201801,201706,201903,201802,201610,201711,202006,202004,201806,202005,201804,201508,201807,201709],"Y_PREVALENCE_1000PP":[8.87714,5.80895,7.47479,14.36757,7.60778,10.38857,10.73161,16.54602,49.42559,6.19656,7.18778,39.87042,8.9415,22.01761,20.01092,8.21878,8.13877,19.01179,19.1958,13.20402,6.29355,7.43795,14.46905,38.46154,22.4,21.24015,28.4006,7.2679,29.27558,6.57569,34.25414,32.89218,18.69978,9.3207,17.78907,35.87444,7.5405,37.12297,13.07332,15.1041,15.86265,7.34439,29.21551,7.19642,48.44815,9.27979,22.87021,18.21429,22.80572,7.70524,6.91279,8.56045,6.77748,15.83088,6.57987,33.06321,24.55978,6.68702,29.11325,6.58837,52.93716,6.94897,5.58092]},"FREQUENCY_DISTRIBUTION":{"Y_NUM_PERSONS":[6,1,0,0,0,0,0,0,0,0,0,0,0,0,0,0,0,0,0,0,0,0,0],"X_COUNT":[1,2,3,4,5,6,7,8,9,10,11,12,13,14,15,17,18,19,23,24,25,26,27]},"MEASUREMENTS_BY_TYPE":{"CONCEPT_NAME":"EHR","COUNT_VALUE":10499},"AGE_AT_FIRST_OCCURRENCE":{"CATEGORY":["FEMALE","MALE"],"MIN_VALUE":[0,0],"P10_VALUE":[0,0],"P25_VALUE":[0,0],"MEDIAN_VALUE":[0,0],"P75_VALUE":[0,0],"P90_VALUE":[0,0],"MAX_VALUE":[1,1]},"RECORDS_BY_UNIT":{"CONCEPT_NAME":"No matching concept","COUNT_VALUE":10499},"MEASUREMENT_VALUE_DISTRIBUTION":{"CATEGORY":"No matching concept","MIN_VALUE":0,"P10_VALUE":0,"P25_VALUE":0.03,"MEDIAN_VALUE":0.2,"P75_VALUE":1.44,"P90_VALUE":5.7,"MAX_VALUE":38.65},"LOWER_LIMIT_DISTRIBUTION":{"CATEGORY":[],"MIN_VALUE":[],"P10_VALUE":[],"P25_VALUE":[],"MEDIAN_VALUE":[],"P75_VALUE":[],"P90_VALUE":[],"MAX_VALUE":[]},"UPPER_LIMIT_DISTRIBUTION":{"CATEGORY":[],"MIN_VALUE":[],"P10_VALUE":[],"P25_VALUE":[],"MEDIAN_VALUE":[],"P75_VALUE":[],"P90_VALUE":[],"MAX_VALUE":[]},"VALUES_RELATIVE_TO_NORM":{"CONCEPT_NAME":[],"COUNT_VALUE":[]}}
