{"PREVALENCE_BY_GENDER_AGE_YEAR":{"TRELLIS_NAME":["0-9","0-9","0-9","0-9","0-9","0-9","0-9","0-9","0-9","0-9","0-9","0-9"],"SERIES_NAME":["FEMALE","MALE","FEMALE","MALE","MALE","FEMALE","FEMALE","MALE","FEMALE","MALE","FEMALE","MALE"],"X_CALENDAR_YEAR":[2015,2015,2016,2016,2017,2017,2018,2018,2019,2019,2020,2020],"Y_PREVALENCE_1000PP":[6.6568,7.93103,6.71254,10.02865,8.83101,7.30154,9.58175,12.28719,7.04428,11.69428,8.06676,11.67315]},"PREVALENCE_BY_MONTH":{"X_CALENDAR_MONTH":[201601,201609,201702,201612,201902,202001,201805,201809,201608,201710,201703,201606,201701,201706,201912,201604,201901,201908,201807,202003,201911,202004,202006,201803,201610,201812,202005,201711,201607,201511,201811,201804,201903,201510,201602,201512,201605,201904,201802,201611,201801,201907,201708,202002,201810,201910,201712,201707,201509,201508,201906,201909,202007,201808,201806,201704,201905,201603,201709],"Y_PREVALENCE_1000PP":[1.44274,1.32168,0.94073,0.71429,1.1922,2.5413,1.07573,0.89847,1.06667,0.98619,1.14971,0.73964,0.77559,0.98754,2.33747,1.57233,0.65768,1.19839,0.86862,2.62679,1.63288,3.01205,4.21394,1.27271,0.88496,1.02686,1.86966,0.69999,0.91355,2.9148,1.17224,1.28903,0.87352,1.49514,1.66085,1.3624,1.20096,0.55856,1.07013,1.02641,0.98067,1.7542,0.72717,2.91068,0.98477,2.1389,0.98724,1.04892,2.67165,3.07377,1.89791,0.7011,5.19751,0.65459,1.16296,0.88932,0.84994,1.49365,0.65232]},"FREQUENCY_DISTRIBUTION":{"Y_NUM_PERSONS":[0,0,0,0,0,0,0,0,0,0,0,0,0,0,0,0,0,0,0,0,0,0,0,0,0,0],"X_COUNT":[1,2,3,4,5,6,7,8,9,10,11,12,13,14,15,16,18,21,22,23,24,27,28,31,35,44]},"MEASUREMENTS_BY_TYPE":{"CONCEPT_NAME":"EHR","COUNT_VALUE":2718},"AGE_AT_FIRST_OCCURRENCE":{"CATEGORY":["FEMALE","MALE"],"MIN_VALUE":[0,0],"P10_VALUE":[0,0],"P25_VALUE":[0,0],"MEDIAN_VALUE":[0,0],"P75_VALUE":[0,0],"P90_VALUE":[0,0],"MAX_VALUE":[1,1]},"RECORDS_BY_UNIT":{"CONCEPT_NAME":"No matching concept","COUNT_VALUE":2718},"MEASUREMENT_VALUE_DISTRIBUTION":{"CATEGORY":"No matching concept","MIN_VALUE":1,"P10_VALUE":1.08,"P25_VALUE":1.2,"MEDIAN_VALUE":1.37,"P75_VALUE":1.65,"P90_VALUE":2,"MAX_VALUE":8.7},"LOWER_LIMIT_DISTRIBUTION":{"CATEGORY":[],"MIN_VALUE":[],"P10_VALUE":[],"P25_VALUE":[],"MEDIAN_VALUE":[],"P75_VALUE":[],"P90_VALUE":[],"MAX_VALUE":[]},"UPPER_LIMIT_DISTRIBUTION":{"CATEGORY":[],"MIN_VALUE":[],"P10_VALUE":[],"P25_VALUE":[],"MEDIAN_VALUE":[],"P75_VALUE":[],"P90_VALUE":[],"MAX_VALUE":[]},"VALUES_RELATIVE_TO_NORM":{"CONCEPT_NAME":[],"COUNT_VALUE":[]}}
