{"PREVALENCE_BY_GENDER_AGE_YEAR":{"TRELLIS_NAME":["0-9","0-9","0-9","0-9","0-9","0-9","0-9","0-9","0-9","0-9","0-9","0-9"],"SERIES_NAME":["MALE","FEMALE","FEMALE","MALE","MALE","FEMALE","MALE","FEMALE","FEMALE","MALE","FEMALE","MALE"],"X_CALENDAR_YEAR":[2015,2015,2016,2016,2017,2017,2018,2018,2019,2019,2020,2020],"Y_PREVALENCE_1000PP":[195.17241,178.25444,184.76254,198.50366,129.77099,110.45518,121.98372,102.05323,102.78896,127.24488,112.10014,126.32944]},"PREVALENCE_BY_MONTH":{"X_CALENDAR_MONTH":[201602,201906,201706,201803,201805,201506,201712,201604,201909,201507,201905,201601,201605,201610,201701,201703,202007,201806,201608,201904,201603,201704,202006,201907,201512,202005,201505,201901,202003,201702,201606,201510,201511,201807,201611,201911,201910,201908,202001,201809,201912,201810,201609,201902,201802,201705,201812,202004,201709,201808,201811,201903,201607,201710,201508,202002,201708,201801,201612,201804,201711,201509,201707],"Y_PREVALENCE_1000PP":[31.72231,14.48407,9.87542,8.76759,7.81698,44.1989,9.44926,25.72899,15.30731,52.99016,12.27689,36.7899,24.9533,18.6824,18.8728,13.13953,55.61331,9.59442,24.74667,11.63657,32.56161,10.75269,44.40843,15.47828,39.50954,40.3312,48.7239,12.24926,28.69267,17.7029,27.73669,47.34613,43.72197,10.49584,18.66194,21.49952,19.87921,18.08476,24.30114,10.48218,26.44266,10.30225,22.97682,11.922,9.20311,9.96157,13.66509,34.05931,8.62506,11.78268,10.70647,11.44305,23.98082,10.00282,65.23224,24.19502,9.74404,9.87672,20,10.02578,8.67983,55.83756,10.41433]},"FREQUENCY_DISTRIBUTION":{"Y_NUM_PERSONS":[7,2,1,1,1,1,1,0,0,0,0,0,0,0,0,0,0,0,0,0,0,0,0,0,0,0,0,0,0,0,0,0,0,0,0,0,0,0,0,0,0,0,0,0,0,0,0,0,0,0,0,0,0,0,0,0,0,0,0,0,0,0,0,0,0,0,0,0,0],"X_COUNT":[1,2,3,4,5,6,7,8,9,10,11,12,13,14,15,16,17,18,19,20,21,22,23,24,25,26,27,28,29,30,31,32,33,34,35,36,37,38,39,40,41,42,43,44,45,46,47,49,50,53,54,55,62,63,64,66,69,72,73,75,77,81,84,93,102,104,109,113,123]},"MEASUREMENTS_BY_TYPE":{"CONCEPT_NAME":"EHR","COUNT_VALUE":24679},"AGE_AT_FIRST_OCCURRENCE":{"CATEGORY":["MALE","FEMALE"],"MIN_VALUE":[0,0],"P10_VALUE":[0,0],"P25_VALUE":[0,0],"MEDIAN_VALUE":[0,0],"P75_VALUE":[0,0],"P90_VALUE":[0,0],"MAX_VALUE":[1,1]},"RECORDS_BY_UNIT":{"CONCEPT_NAME":"No matching concept","COUNT_VALUE":24679},"MEASUREMENT_VALUE_DISTRIBUTION":{"CATEGORY":"No matching concept","MIN_VALUE":0,"P10_VALUE":0.1,"P25_VALUE":0.2,"MEDIAN_VALUE":0.5,"P75_VALUE":0.8,"P90_VALUE":1.5,"MAX_VALUE":25.8},"LOWER_LIMIT_DISTRIBUTION":{"CATEGORY":[],"MIN_VALUE":[],"P10_VALUE":[],"P25_VALUE":[],"MEDIAN_VALUE":[],"P75_VALUE":[],"P90_VALUE":[],"MAX_VALUE":[]},"UPPER_LIMIT_DISTRIBUTION":{"CATEGORY":[],"MIN_VALUE":[],"P10_VALUE":[],"P25_VALUE":[],"MEDIAN_VALUE":[],"P75_VALUE":[],"P90_VALUE":[],"MAX_VALUE":[]},"VALUES_RELATIVE_TO_NORM":{"CONCEPT_NAME":[],"COUNT_VALUE":[]}}
