{"PREVALENCE_BY_GENDER_AGE_YEAR":{"TRELLIS_NAME":["0-9","0-9","0-9","0-9","0-9","0-9","0-9","0-9","0-9","0-9","0-9","0-9"],"SERIES_NAME":["FEMALE","MALE","FEMALE","MALE","FEMALE","MALE","FEMALE","MALE","MALE","FEMALE","FEMALE","MALE"],"X_CALENDAR_YEAR":[2015,2015,2016,2016,2017,2017,2018,2018,2019,2019,2020,2020],"Y_PREVALENCE_1000PP":[11.09467,18.62069,15.60665,18.78383,12.89421,16.01557,12.01521,14.95189,14.89628,14.37608,20.58414,20.23346]},"PREVALENCE_BY_MONTH":{"X_CALENDAR_MONTH":[201605,201905,201701,201807,201612,201609,202006,201510,201512,201703,201601,201811,201710,201509,201511,201712,201809,201508,201604,201910,201810,201907,201901,202002,201610,201908,201803,201611,201912,202007,201802,201705,201805,201603,202005,201906,201704,202004,201808,201801,201706,201608,201812,202003,202001,201602,201911,201909,201606,201709,201708,201904,201702,201711,201903,201902,201707,201607,201804,201507,201806],"Y_PREVALENCE_1000PP":[1.86816,1.79431,1.46501,1.52009,1.875,2.13501,7.13128,4.48542,1.94628,1.80668,2.34445,1.32854,0.77487,1.87016,4.26009,1.55137,0.59898,5.80601,1.71527,1.50981,1.51504,2.16696,1.89083,2.18301,1.47493,2.06994,0.84848,1.86619,3.06793,23.90852,0.64208,1.41188,1.00402,2.53921,3.20513,0.89901,1.21271,5.09731,0.80006,1.33091,1.67122,2.45333,2.1327,5.05153,2.22363,3.15562,3.5379,1.05165,2.46548,0.86975,0.79988,1.2102,0.94073,0.76998,1.48498,1.61799,1.34862,2.16969,0.85935,6.05602,0.72685]},"FREQUENCY_DISTRIBUTION":{"Y_NUM_PERSONS":[1,0,0,0],"X_COUNT":[1,2,3,4]},"MEASUREMENTS_BY_TYPE":{"CONCEPT_NAME":"EHR","COUNT_VALUE":1189},"AGE_AT_FIRST_OCCURRENCE":{"CATEGORY":["MALE","FEMALE"],"MIN_VALUE":[0,0],"P10_VALUE":[0,0],"P25_VALUE":[0,0],"MEDIAN_VALUE":[0,0],"P75_VALUE":[0,0],"P90_VALUE":[0,0],"MAX_VALUE":[1,1]},"RECORDS_BY_UNIT":{"CONCEPT_NAME":"No matching concept","COUNT_VALUE":1189},"MEASUREMENT_VALUE_DISTRIBUTION":{"CATEGORY":"No matching concept","MIN_VALUE":0.03,"P10_VALUE":0.61,"P25_VALUE":6.6,"MEDIAN_VALUE":13.6,"P75_VALUE":18.01,"P90_VALUE":22.79,"MAX_VALUE":47},"LOWER_LIMIT_DISTRIBUTION":{"CATEGORY":[],"MIN_VALUE":[],"P10_VALUE":[],"P25_VALUE":[],"MEDIAN_VALUE":[],"P75_VALUE":[],"P90_VALUE":[],"MAX_VALUE":[]},"UPPER_LIMIT_DISTRIBUTION":{"CATEGORY":[],"MIN_VALUE":[],"P10_VALUE":[],"P25_VALUE":[],"MEDIAN_VALUE":[],"P75_VALUE":[],"P90_VALUE":[],"MAX_VALUE":[]},"VALUES_RELATIVE_TO_NORM":{"CONCEPT_NAME":[],"COUNT_VALUE":[]}}
