{"PREVALENCE_BY_GENDER_AGE_YEAR":{"TRELLIS_NAME":["0-9","0-9","0-9","0-9","0-9","0-9","0-9","0-9","0-9","0-9","0-9","0-9"],"SERIES_NAME":["MALE","FEMALE","FEMALE","MALE","FEMALE","MALE","MALE","FEMALE","MALE","FEMALE","MALE","FEMALE"],"X_CALENDAR_YEAR":[2015,2015,2016,2016,2017,2017,2018,2018,2019,2019,2020,2020],"Y_PREVALENCE_1000PP":[195.17241,178.25444,185.09817,198.66285,110.45518,129.77099,121.98372,102.05323,127.24488,102.78896,126.32944,112.3783]},"PREVALENCE_BY_MONTH":{"X_CALENDAR_MONTH":[201710,202007,201803,201909,201911,201704,201912,201906,201603,201602,201812,201711,201810,201609,201601,201806,201701,201706,201908,201901,201808,201510,201506,201607,201902,202004,201807,201505,201611,201507,201512,201907,202002,201802,201709,201708,201511,201703,202006,201809,201910,201804,201705,201904,202005,201702,201605,202001,201610,201509,201606,201508,201801,201608,201604,201903,201805,201712,201707,201811,202003,201905,201612],"Y_PREVALENCE_1000PP":[10.00282,55.61331,8.83829,15.30731,21.49952,10.75269,26.44266,14.48407,32.56161,32.05448,13.66509,8.67983,10.30225,23.07849,36.7899,9.59442,18.8728,9.87542,18.08476,12.24926,11.78268,47.34613,44.1989,23.98082,11.922,34.05931,10.49584,48.7239,18.56863,52.99016,39.50954,15.47828,24.19502,9.20311,8.62506,9.74404,43.72197,13.13953,44.73258,10.48218,19.87921,10.02578,9.96157,11.63657,40.3312,17.7029,24.9533,24.30114,18.6824,55.83756,27.73669,65.23224,9.87672,24.74667,25.72899,11.44305,7.81698,9.44926,10.41433,10.70647,28.69267,12.27689,20]},"FREQUENCY_DISTRIBUTION":{"Y_NUM_PERSONS":[7,2,1,1,1,1,1,0,0,0,0,0,0,0,0,0,0,0,0,0,0,0,0,0,0,0,0,0,0,0,0,0,0,0,0,0,0,0,0,0,0,0,0,0,0,0,0,0,0,0,0,0,0,0,0,0,0,0,0,0,0,0,0,0,0,0,0,0,0,0],"X_COUNT":[1,2,3,4,5,6,7,8,9,10,11,12,13,14,15,16,17,18,19,20,21,22,23,24,25,26,27,28,29,30,31,32,33,34,35,36,37,38,39,40,41,42,43,44,45,46,47,49,50,53,54,55,62,63,64,66,69,72,73,75,77,81,84,93,102,104,109,113,123,124]},"MEASUREMENTS_BY_TYPE":{"CONCEPT_NAME":"EHR","COUNT_VALUE":24688},"AGE_AT_FIRST_OCCURRENCE":{"CATEGORY":["MALE","FEMALE"],"MIN_VALUE":[0,0],"P10_VALUE":[0,0],"P25_VALUE":[0,0],"MEDIAN_VALUE":[0,0],"P75_VALUE":[0,0],"P90_VALUE":[0,0],"MAX_VALUE":[1,1]},"RECORDS_BY_UNIT":{"CONCEPT_NAME":"No matching concept","COUNT_VALUE":24688},"MEASUREMENT_VALUE_DISTRIBUTION":{"CATEGORY":"No matching concept","MIN_VALUE":0,"P10_VALUE":0.3,"P25_VALUE":0.8,"MEDIAN_VALUE":1.7,"P75_VALUE":3.4,"P90_VALUE":5.9,"MAX_VALUE":100},"LOWER_LIMIT_DISTRIBUTION":{"CATEGORY":[],"MIN_VALUE":[],"P10_VALUE":[],"P25_VALUE":[],"MEDIAN_VALUE":[],"P75_VALUE":[],"P90_VALUE":[],"MAX_VALUE":[]},"UPPER_LIMIT_DISTRIBUTION":{"CATEGORY":[],"MIN_VALUE":[],"P10_VALUE":[],"P25_VALUE":[],"MEDIAN_VALUE":[],"P75_VALUE":[],"P90_VALUE":[],"MAX_VALUE":[]},"VALUES_RELATIVE_TO_NORM":{"CONCEPT_NAME":[],"COUNT_VALUE":[]}}
