{"PREVALENCE_BY_GENDER_AGE_YEAR":{"TRELLIS_NAME":["0-9","0-9","0-9","0-9","0-9","0-9","0-9","0-9","0-9","0-9","0-9","0-9"],"SERIES_NAME":["FEMALE","MALE","FEMALE","MALE","FEMALE","MALE","MALE","FEMALE","MALE","FEMALE","MALE","FEMALE"],"X_CALENDAR_YEAR":[2015,2015,2016,2016,2017,2017,2018,2018,2019,2019,2020,2020],"Y_PREVALENCE_1000PP":[25.88757,32.06897,27.01796,30.08596,22.05997,30.68403,32.71651,24.63878,27.7043,20.70155,29.31258,17.8025]},"PREVALENCE_BY_MONTH":{"X_CALENDAR_MONTH":[201809,201601,201901,201811,201511,201704,201806,201712,202005,201602,202006,201506,201903,201708,201909,201807,201706,201604,201707,201912,201510,201802,201803,201607,201711,202004,201512,201906,201710,201808,202007,201603,201902,201908,201911,201801,201509,201612,201805,201905,201507,201702,201812,201910,201611,201904,201709,201907,202001,201609,202003,202002,201608,201810,201701,201605,201606,201703,201705,201610,201804,201508],"Y_PREVALENCE_1000PP":[2.77029,5.77096,1.31536,1.87559,6.95067,2.10203,1.96249,2.60912,6.94444,3.65388,10.69692,6.62983,2.79525,1.89063,4.55714,2.8954,2.50684,3.85935,2.09785,4.67495,6.47894,2.42563,2.33331,4.111,2.02996,5.09731,4.28182,3.09659,2.88814,2.03651,9.87526,5.22778,2.63987,2.9415,3.81004,2.59176,7.48063,1.96429,2.00803,2.92757,16.65405,2.65116,2.68562,3.90035,3.07922,2.69968,1.81199,2.37334,5.87675,3.96503,3.43504,4.91177,4.26667,2.87857,2.15443,2.93568,3.08185,2.38154,2.43156,2.65487,2.50645,9.90437]},"FREQUENCY_DISTRIBUTION":{"Y_NUM_PERSONS":[1,1,0,0,0,0,0],"X_COUNT":[1,2,3,4,5,6,7]},"MEASUREMENTS_BY_TYPE":{"CONCEPT_NAME":"EHR","COUNT_VALUE":3498},"AGE_AT_FIRST_OCCURRENCE":{"CATEGORY":["MALE","FEMALE"],"MIN_VALUE":[0,0],"P10_VALUE":[0,0],"P25_VALUE":[0,0],"MEDIAN_VALUE":[0,0],"P75_VALUE":[0,0],"P90_VALUE":[0,0],"MAX_VALUE":[1,1]},"RECORDS_BY_UNIT":{"CONCEPT_NAME":"No matching concept","COUNT_VALUE":3498},"MEASUREMENT_VALUE_DISTRIBUTION":{"CATEGORY":"No matching concept","MIN_VALUE":0,"P10_VALUE":0.6,"P25_VALUE":0.76,"MEDIAN_VALUE":1.04,"P75_VALUE":1.46,"P90_VALUE":2,"MAX_VALUE":214},"LOWER_LIMIT_DISTRIBUTION":{"CATEGORY":[],"MIN_VALUE":[],"P10_VALUE":[],"P25_VALUE":[],"MEDIAN_VALUE":[],"P75_VALUE":[],"P90_VALUE":[],"MAX_VALUE":[]},"UPPER_LIMIT_DISTRIBUTION":{"CATEGORY":[],"MIN_VALUE":[],"P10_VALUE":[],"P25_VALUE":[],"MEDIAN_VALUE":[],"P75_VALUE":[],"P90_VALUE":[],"MAX_VALUE":[]},"VALUES_RELATIVE_TO_NORM":{"CONCEPT_NAME":[],"COUNT_VALUE":[]}}
