{"PREVALENCE_BY_GENDER_AGE_YEAR":{"TRELLIS_NAME":["0-9","0-9","0-9","0-9","0-9","0-9","0-9","0-9","0-9","0-9","0-9","0-9"],"SERIES_NAME":["FEMALE","MALE","MALE","FEMALE","MALE","FEMALE","MALE","FEMALE","FEMALE","MALE","FEMALE","MALE"],"X_CALENDAR_YEAR":[2015,2015,2016,2016,2017,2017,2018,2018,2019,2019,2020,2020],"Y_PREVALENCE_1000PP":[16.27219,16.2069,16.55524,12.92163,13.62072,11.49604,14.65581,8.82129,9.48821,11.8335,9.45758,15.3048]},"PREVALENCE_BY_MONTH":{"X_CALENDAR_MONTH":[201809,201811,201702,201602,201512,201705,201611,201807,202001,201612,201506,201706,201701,201804,201708,201511,201808,201509,201711,201802,201908,202006,201603,201912,201812,201907,201707,202007,201610,201906,201902,201703,201507,202005,201508,201510,201806,201805,202004,202002,201704,201609,201901,201810,201909,201709,201608,201911,201710,201803,201606,201601,201712,201910,201605,201604,201607,201905,202003,201801],"Y_PREVALENCE_1000PP":[0.8236,0.93779,1.36834,3.48779,2.14091,0.78438,1.77288,1.08578,4.12961,2.05357,6.62983,1.06351,1.8959,1.57548,0.65445,3.81166,0.80006,5.61047,1.25997,1.21281,1.30733,4.86224,3.13667,3.36012,1.4218,1.65102,1.27369,5.19751,0.98328,1.09879,1.10704,1.56032,6.81302,2.40385,6.48907,2.99028,1.67175,1.14745,3.24374,2.72876,1.29356,1.93168,1.06873,0.60601,1.75275,1.44959,1.6,2.44931,1.40885,1.0606,1.60256,2.88548,0.98724,2.51636,1.60128,1.57233,1.59872,0.7555,3.03092,1.19081]},"FREQUENCY_DISTRIBUTION":{"Y_NUM_PERSONS":[1,0,0,0,0,0,0,0,0,0,0,0,0,0,0,0,0],"X_COUNT":[1,2,3,4,5,6,7,8,9,11,12,13,14,15,16,19,26]},"MEASUREMENTS_BY_TYPE":{"CONCEPT_NAME":"EHR","COUNT_VALUE":1476},"AGE_AT_FIRST_OCCURRENCE":{"CATEGORY":["FEMALE","MALE"],"MIN_VALUE":[0,0],"P10_VALUE":[0,0],"P25_VALUE":[0,0],"MEDIAN_VALUE":[0,0],"P75_VALUE":[0,0],"P90_VALUE":[0,0],"MAX_VALUE":[1,1]},"RECORDS_BY_UNIT":{"CONCEPT_NAME":"No matching concept","COUNT_VALUE":1476},"MEASUREMENT_VALUE_DISTRIBUTION":{"CATEGORY":"No matching concept","MIN_VALUE":0.03,"P10_VALUE":45,"P25_VALUE":62,"MEDIAN_VALUE":1019,"P75_VALUE":1671,"P90_VALUE":2592,"MAX_VALUE":28845},"LOWER_LIMIT_DISTRIBUTION":{"CATEGORY":[],"MIN_VALUE":[],"P10_VALUE":[],"P25_VALUE":[],"MEDIAN_VALUE":[],"P75_VALUE":[],"P90_VALUE":[],"MAX_VALUE":[]},"UPPER_LIMIT_DISTRIBUTION":{"CATEGORY":[],"MIN_VALUE":[],"P10_VALUE":[],"P25_VALUE":[],"MEDIAN_VALUE":[],"P75_VALUE":[],"P90_VALUE":[],"MAX_VALUE":[]},"VALUES_RELATIVE_TO_NORM":{"CONCEPT_NAME":[],"COUNT_VALUE":[]}}
