{"PREVALENCE_BY_GENDER_AGE_YEAR":{"TRELLIS_NAME":["0-9","0-9","0-9","0-9","0-9","0-9","0-9","0-9","0-9","0-9","0-9","0-9"],"SERIES_NAME":["FEMALE","MALE","FEMALE","MALE","MALE","FEMALE","MALE","FEMALE","FEMALE","MALE","MALE","FEMALE"],"X_CALENDAR_YEAR":[2015,2015,2016,2016,2017,2017,2018,2018,2019,2019,2020,2020],"Y_PREVALENCE_1000PP":[13.31361,21.37931,17.78822,21.48997,18.70977,12.11745,25.0185,19.01141,16.96377,21.85716,30.09079,20.58414]},"PREVALENCE_BY_MONTH":{"X_CALENDAR_MONTH":[201705,202004,201805,201811,201706,201901,201909,202006,201703,201508,201910,201511,201812,201904,201602,202005,201610,201809,201807,201808,201604,201509,201911,201912,201702,201804,201802,201607,201507,201606,202003,202002,201601,201701,201603,201903,201708,201510,201801,201711,201608,201907,201806,201810,201707,201906,201709,201609,202007,201605,201612,201712,201908,201902,201803,201704,202001,201710,201905,201512,201611],"Y_PREVALENCE_1000PP":[1.56875,8.10936,1.8646,1.64114,1.21544,2.71292,2.68754,7.45543,1.06759,4.78142,2.64217,4.03587,2.44866,1.95494,2.15911,7.47863,1.57325,1.94669,1.59247,2.03651,2.42996,4.00748,3.81004,4.23667,1.11178,2.00516,1.71221,2.74066,10.59803,2.95858,5.45565,5.45752,3.60685,1.63737,3.28603,1.31027,1.67248,5.48218,2.03138,0.97998,3.62667,1.7542,1.59907,1.8938,1.64831,2.29747,1.73951,2.44002,10.39501,3.20256,0.98214,1.41034,2.06994,2.29924,2.12119,2.18288,4.28844,1.97239,2.45538,2.91942,2.79929]},"FREQUENCY_DISTRIBUTION":{"Y_NUM_PERSONS":[1,0,0,0,0,0,0,0,0,0],"X_COUNT":[1,2,3,4,5,6,7,8,9,10]},"MEASUREMENTS_BY_TYPE":{"CONCEPT_NAME":"EHR","COUNT_VALUE":1788},"AGE_AT_FIRST_OCCURRENCE":{"CATEGORY":["MALE","FEMALE"],"MIN_VALUE":[0,0],"P10_VALUE":[0,0],"P25_VALUE":[0,0],"MEDIAN_VALUE":[0,0],"P75_VALUE":[0,0],"P90_VALUE":[0,0],"MAX_VALUE":[1,1]},"RECORDS_BY_UNIT":{"CONCEPT_NAME":"No matching concept","COUNT_VALUE":1788},"MEASUREMENT_VALUE_DISTRIBUTION":{"CATEGORY":"No matching concept","MIN_VALUE":8.5,"P10_VALUE":34.6,"P25_VALUE":43,"MEDIAN_VALUE":53.1,"P75_VALUE":71.7,"P90_VALUE":98.3,"MAX_VALUE":288.8},"LOWER_LIMIT_DISTRIBUTION":{"CATEGORY":[],"MIN_VALUE":[],"P10_VALUE":[],"P25_VALUE":[],"MEDIAN_VALUE":[],"P75_VALUE":[],"P90_VALUE":[],"MAX_VALUE":[]},"UPPER_LIMIT_DISTRIBUTION":{"CATEGORY":[],"MIN_VALUE":[],"P10_VALUE":[],"P25_VALUE":[],"MEDIAN_VALUE":[],"P75_VALUE":[],"P90_VALUE":[],"MAX_VALUE":[]},"VALUES_RELATIVE_TO_NORM":{"CONCEPT_NAME":[],"COUNT_VALUE":[]}}
