{"PREVALENCE_BY_GENDER_AGE_YEAR":{"TRELLIS_NAME":["0-9","0-9","0-9","0-9","0-9","0-9","0-9","0-9","0-9","0-9","0-9","0-9"],"SERIES_NAME":["FEMALE","MALE","MALE","FEMALE","FEMALE","MALE","FEMALE","MALE","FEMALE","MALE","FEMALE","MALE"],"X_CALENDAR_YEAR":[2015,2015,2016,2016,2017,2017,2018,2018,2019,2019,2020,2020],"Y_PREVALENCE_1000PP":[178.62426,195.17241,198.98122,185.26598,111.07659,130.36971,102.50951,122.13175,103.22024,127.24488,112.65647,126.32944]},"PREVALENCE_BY_MONTH":{"X_CALENDAR_MONTH":[201807,201601,201904,201805,201802,201905,201711,201902,202001,201602,202002,201611,201811,201801,202006,201903,201606,201709,201610,201804,202005,201707,201608,201812,201607,201507,201809,201702,201704,201511,201703,201612,201512,201901,201506,202007,202003,201907,201909,201706,201603,201609,201604,201701,201911,201910,201708,201605,201710,202004,201803,201912,201712,201908,201510,201705,201505,201509,201906,201810,201806,201808,201508],"Y_PREVALENCE_1000PP":[10.56822,36.7899,11.63657,7.81698,9.27445,12.37133,8.67983,12.00715,24.30114,32.05448,24.19502,18.66194,10.70647,9.87672,45.05673,11.44305,27.73669,8.69754,18.6824,10.02578,40.3312,10.48925,24.85333,13.82306,23.98082,53.74716,10.48218,17.87394,10.75269,43.94619,13.38589,20.08929,39.50954,12.24926,44.1989,55.61331,28.69267,15.47828,15.30731,9.87542,32.71098,23.07849,25.72899,19.21751,21.49952,20.00503,9.81675,24.9533,10.00282,34.05931,8.83829,26.44266,9.44926,18.08476,47.34613,9.96157,48.7239,56.10473,14.48407,10.30225,9.59442,11.78268,65.23224]},"FREQUENCY_DISTRIBUTION":{"Y_NUM_PERSONS":[7,2,1,1,1,1,1,0,0,0,0,0,0,0,0,0,0,0,0,0,0,0,0,0,0,0,0,0,0,0,0,0,0,0,0,0,0,0,0,0,0,0,0,0,0,0,0,0,0,0,0,0,0,0,0,0,0,0,0,0,0,0,0,0,0,0,0],"X_COUNT":[1,2,3,4,5,6,7,8,9,10,11,12,13,14,15,16,17,18,19,20,22,23,24,25,26,27,28,29,30,31,32,33,34,35,36,37,38,39,40,42,43,44,45,46,47,49,50,51,53,54,55,63,64,67,70,72,73,77,81,86,96,102,105,112,113,124,126]},"MEASUREMENTS_BY_TYPE":{"CONCEPT_NAME":"EHR","COUNT_VALUE":24894},"AGE_AT_FIRST_OCCURRENCE":{"CATEGORY":["FEMALE","MALE"],"MIN_VALUE":[0,0],"P10_VALUE":[0,0],"P25_VALUE":[0,0],"MEDIAN_VALUE":[0,0],"P75_VALUE":[0,0],"P90_VALUE":[0,0],"MAX_VALUE":[1,1]},"RECORDS_BY_UNIT":{"CONCEPT_NAME":"No matching concept","COUNT_VALUE":24894},"MEASUREMENT_VALUE_DISTRIBUTION":{"CATEGORY":"No matching concept","MIN_VALUE":0,"P10_VALUE":28.73,"P25_VALUE":30.8,"MEDIAN_VALUE":34.2,"P75_VALUE":36.1,"P90_VALUE":38,"MAX_VALUE":552.5},"LOWER_LIMIT_DISTRIBUTION":{"CATEGORY":[],"MIN_VALUE":[],"P10_VALUE":[],"P25_VALUE":[],"MEDIAN_VALUE":[],"P75_VALUE":[],"P90_VALUE":[],"MAX_VALUE":[]},"UPPER_LIMIT_DISTRIBUTION":{"CATEGORY":[],"MIN_VALUE":[],"P10_VALUE":[],"P25_VALUE":[],"MEDIAN_VALUE":[],"P75_VALUE":[],"P90_VALUE":[],"MAX_VALUE":[]},"VALUES_RELATIVE_TO_NORM":{"CONCEPT_NAME":[],"COUNT_VALUE":[]}}
