{"PREVALENCE_BY_GENDER_AGE_YEAR":{"TRELLIS_NAME":["0-9","0-9","0-9","0-9","0-9","0-9","0-9","0-9","0-9","0-9","0-9","0-9"],"SERIES_NAME":["FEMALE","MALE","FEMALE","MALE","FEMALE","MALE","FEMALE","MALE","MALE","FEMALE","MALE","FEMALE"],"X_CALENDAR_YEAR":[2015,2015,2016,2016,2017,2017,2018,2018,2019,2019,2020,2020],"Y_PREVALENCE_1000PP":[12.57396,20.34483,13.59288,17.66953,13.20491,15.56653,12.31939,16.28423,17.12376,13.08223,25.42153,14.46453]},"PREVALENCE_BY_MONTH":{"X_CALENDAR_MONTH":[201802,202003,201508,201711,201810,201601,201805,202007,201510,201808,201709,201706,201807,201803,201905,201911,201904,201906,201811,202001,201902,201703,201903,201907,201511,201704,201707,201712,202004,201804,201612,201910,201609,201604,201901,201605,201710,201512,201507,201908,201812,201602,202005,201608,201705,201806,201909,201606,201509,201701,201912,202002,201809,201607,201603,201801,201702,201611,202006,201610,201708],"Y_PREVALENCE_1000PP":[1.78355,4.84946,5.80601,1.53997,1.36353,3.42651,1.43431,11.43451,2.99028,1.09099,1.73951,1.36737,1.4477,1.34342,1.88875,2.9936,1.86185,2.09769,1.56299,6.03558,1.44767,1.72456,1.31027,2.27015,6.50224,1.69779,2.09785,1.55137,5.09731,1.21742,2.14286,2.26472,2.03335,2.42996,1.31536,2.13504,1.69062,3.89257,6.81302,2.28783,1.89573,3.65388,5.34188,2.24,1.33344,1.88981,1.8696,1.97239,5.61047,1.37883,4.67495,4.91177,1.42258,1.82711,2.83794,1.6111,1.79595,2.23943,9.40032,1.86824,1.23618]},"FREQUENCY_DISTRIBUTION":{"Y_NUM_PERSONS":[1,0,0,0,0,0,0,0,0,0,0,0,0,0,0,0,0,0,0,0,0,0,0,0,0,0,0,0,0,0,0,0,0,0,0,0,0,0,0,0],"X_COUNT":[1,2,3,4,5,6,7,8,9,10,11,12,13,14,15,16,17,18,19,20,21,22,23,24,25,26,27,29,31,33,34,37,39,40,43,60,62,64,71,79]},"MEASUREMENTS_BY_TYPE":{"CONCEPT_NAME":"EHR","COUNT_VALUE":4696},"AGE_AT_FIRST_OCCURRENCE":{"CATEGORY":["FEMALE","MALE"],"MIN_VALUE":[0,0],"P10_VALUE":[0,0],"P25_VALUE":[0,0],"MEDIAN_VALUE":[0,0],"P75_VALUE":[0,0],"P90_VALUE":[0,0],"MAX_VALUE":[1,1]},"RECORDS_BY_UNIT":{"CONCEPT_NAME":"No matching concept","COUNT_VALUE":4696},"MEASUREMENT_VALUE_DISTRIBUTION":{"CATEGORY":"No matching concept","MIN_VALUE":0,"P10_VALUE":8,"P25_VALUE":13,"MEDIAN_VALUE":21,"P75_VALUE":47,"P90_VALUE":133,"MAX_VALUE":3486},"LOWER_LIMIT_DISTRIBUTION":{"CATEGORY":[],"MIN_VALUE":[],"P10_VALUE":[],"P25_VALUE":[],"MEDIAN_VALUE":[],"P75_VALUE":[],"P90_VALUE":[],"MAX_VALUE":[]},"UPPER_LIMIT_DISTRIBUTION":{"CATEGORY":[],"MIN_VALUE":[],"P10_VALUE":[],"P25_VALUE":[],"MEDIAN_VALUE":[],"P75_VALUE":[],"P90_VALUE":[],"MAX_VALUE":[]},"VALUES_RELATIVE_TO_NORM":{"CONCEPT_NAME":[],"COUNT_VALUE":[]}}
