{"PREVALENCE_BY_GENDER_AGE_YEAR":{"TRELLIS_NAME":["0-9","0-9","0-9","0-9","0-9","0-9","0-9","0-9","0-9","0-9","0-9","0-9"],"SERIES_NAME":["MALE","FEMALE","MALE","FEMALE","FEMALE","MALE","MALE","FEMALE","FEMALE","MALE","MALE","FEMALE"],"X_CALENDAR_YEAR":[2015,2015,2016,2016,2017,2017,2018,2018,2019,2019,2020,2020],"Y_PREVALENCE_1000PP":[24.48276,15.53254,15.28176,14.43195,13.82632,20.20656,17.46854,13.23194,15.52616,16.98455,20.75227,17.8025]},"PREVALENCE_BY_MONTH":{"X_CALENDAR_MONTH":[201508,201603,201606,201904,201709,201807,201803,201609,201506,201612,201806,202004,201706,202001,201912,201708,201512,201601,201605,201903,201711,201801,201902,202006,201810,201611,201602,201802,201808,201805,201705,201809,201511,201704,201701,201607,201509,201608,201812,201610,201901,201710,202003,201604,201907,201908,202005,201804,201507,201707,201910,201703,201905,201811,201911,202002,201702,201909,201906,202007,201510,201712],"Y_PREVALENCE_1000PP":[6.48907,2.9873,1.47929,2.32731,1.15967,1.37532,0.84848,1.42334,7.73481,1.42857,1.52638,5.09731,0.98754,4.6061,3.06793,1.09075,4.08719,1.98377,2.0016,1.39762,1.25997,2.31157,1.53283,6.80713,1.28778,1.67957,2.3252,1.49818,1.01826,1.00402,1.33344,1.49745,3.36323,1.3744,1.37883,2.16969,5.87764,1.70667,1.10585,1.96657,1.97304,1.12708,5.05153,2.28702,1.54783,1.961,3.47222,1.07419,12.86904,1.27369,3.27126,2.05305,1.60544,1.56299,3.26575,4.91177,1.71043,2.57069,1.59824,8.83576,4.23623,4.1605]},"FREQUENCY_DISTRIBUTION":{"Y_NUM_PERSONS":[1,0,0,0,0,0,0,0,0,0,0,0,0,0,0],"X_COUNT":[1,2,3,4,5,6,7,8,9,10,11,12,13,14,15]},"MEASUREMENTS_BY_TYPE":{"CONCEPT_NAME":"EHR","COUNT_VALUE":1887},"AGE_AT_FIRST_OCCURRENCE":{"CATEGORY":["FEMALE","MALE"],"MIN_VALUE":[0,0],"P10_VALUE":[0,0],"P25_VALUE":[0,0],"MEDIAN_VALUE":[0,0],"P75_VALUE":[0,0],"P90_VALUE":[0,0],"MAX_VALUE":[1,1]},"RECORDS_BY_UNIT":{"CONCEPT_NAME":"No matching concept","COUNT_VALUE":1887},"MEASUREMENT_VALUE_DISTRIBUTION":{"CATEGORY":"No matching concept","MIN_VALUE":0,"P10_VALUE":4,"P25_VALUE":7,"MEDIAN_VALUE":12,"P75_VALUE":31,"P90_VALUE":122,"MAX_VALUE":443},"LOWER_LIMIT_DISTRIBUTION":{"CATEGORY":[],"MIN_VALUE":[],"P10_VALUE":[],"P25_VALUE":[],"MEDIAN_VALUE":[],"P75_VALUE":[],"P90_VALUE":[],"MAX_VALUE":[]},"UPPER_LIMIT_DISTRIBUTION":{"CATEGORY":[],"MIN_VALUE":[],"P10_VALUE":[],"P25_VALUE":[],"MEDIAN_VALUE":[],"P75_VALUE":[],"P90_VALUE":[],"MAX_VALUE":[]},"VALUES_RELATIVE_TO_NORM":{"CONCEPT_NAME":[],"COUNT_VALUE":[]}}
