{"PREVALENCE_BY_GENDER_AGE_YEAR":{"TRELLIS_NAME":["0-9","0-9","0-9","0-9","0-9","0-9","0-9","0-9","0-9","0-9","0-9","0-9"],"SERIES_NAME":["FEMALE","MALE","FEMALE","MALE","MALE","FEMALE","MALE","FEMALE","MALE","FEMALE","MALE","FEMALE"],"X_CALENDAR_YEAR":[2015,2015,2016,2016,2017,2017,2018,2018,2019,2019,2020,2020],"Y_PREVALENCE_1000PP":[6.6568,7.93103,6.71254,10.02865,8.83101,7.30154,12.28719,9.42966,11.8335,7.04428,11.67315,8.34492]},"PREVALENCE_BY_MONTH":{"X_CALENDAR_MONTH":[201604,201605,201901,201808,201610,202006,201810,201606,201706,201902,201910,201510,202004,201903,202007,201508,201612,202005,201912,201803,201911,201709,201609,201710,201904,201707,201802,201712,201805,201806,201905,201511,201908,201607,201608,201702,201812,201601,201512,201801,201509,201611,201809,201807,201701,201906,202002,201811,202003,201907,201804,202001,201602,201703,201909,201704,201711,201603,201708],"Y_PREVALENCE_1000PP":[1.57233,1.20096,0.65768,0.65459,0.88496,4.21394,0.98477,0.73964,0.98754,1.1922,2.1389,1.49514,3.01205,0.87352,5.19751,3.07377,0.71429,2.13675,2.33747,1.20201,1.63288,0.65232,1.32168,0.98619,0.65165,1.04892,1.07013,0.98724,1.07573,1.16296,0.84994,2.9148,1.19839,0.91355,1.06667,0.94073,1.02686,1.44274,1.3624,0.98067,2.67165,1.02641,0.89847,0.86862,0.77559,1.89791,2.91068,1.17224,2.62679,1.7542,1.28903,2.70013,1.66085,1.14971,0.7011,0.88932,0.69999,1.49365,0.72717]},"FREQUENCY_DISTRIBUTION":{"Y_NUM_PERSONS":[0,0,0,0,0,0,0,0,0,0,0,0,0,0,0,0,0,0,0,0,0,0,0,0,0,0,0,0],"X_COUNT":[1,2,3,4,5,6,7,8,9,10,11,12,13,14,15,16,18,19,21,22,23,24,25,27,28,33,35,47]},"MEASUREMENTS_BY_TYPE":{"CONCEPT_NAME":"EHR","COUNT_VALUE":2753},"AGE_AT_FIRST_OCCURRENCE":{"CATEGORY":["MALE","FEMALE"],"MIN_VALUE":[0,0],"P10_VALUE":[0,0],"P25_VALUE":[0,0],"MEDIAN_VALUE":[0,0],"P75_VALUE":[0,0],"P90_VALUE":[0,0],"MAX_VALUE":[1,1]},"RECORDS_BY_UNIT":{"CONCEPT_NAME":"No matching concept","COUNT_VALUE":2753},"MEASUREMENT_VALUE_DISTRIBUTION":{"CATEGORY":"No matching concept","MIN_VALUE":20.7,"P10_VALUE":30.6,"P25_VALUE":34.9,"MEDIAN_VALUE":40.9,"P75_VALUE":51.3,"P90_VALUE":68.7,"MAX_VALUE":192},"LOWER_LIMIT_DISTRIBUTION":{"CATEGORY":[],"MIN_VALUE":[],"P10_VALUE":[],"P25_VALUE":[],"MEDIAN_VALUE":[],"P75_VALUE":[],"P90_VALUE":[],"MAX_VALUE":[]},"UPPER_LIMIT_DISTRIBUTION":{"CATEGORY":[],"MIN_VALUE":[],"P10_VALUE":[],"P25_VALUE":[],"MEDIAN_VALUE":[],"P75_VALUE":[],"P90_VALUE":[],"MAX_VALUE":[]},"VALUES_RELATIVE_TO_NORM":{"CONCEPT_NAME":[],"COUNT_VALUE":[]}}
