{"PREVALENCE_BY_GENDER_AGE_YEAR":{"TRELLIS_NAME":["0-9","0-9","0-9","0-9","0-9","0-9","0-9","0-9","0-9","0-9","0-9","0-9"],"SERIES_NAME":["MALE","FEMALE","FEMALE","MALE","MALE","FEMALE","FEMALE","MALE","MALE","FEMALE","MALE","FEMALE"],"X_CALENDAR_YEAR":[2015,2015,2016,2016,2017,2017,2018,2018,2019,2019,2020,2020],"Y_PREVALENCE_1000PP":[195.17241,178.62426,185.26598,198.98122,130.36971,111.07659,102.50951,122.13175,127.24488,103.22024,126.32944,112.65647]},"PREVALENCE_BY_MONTH":{"X_CALENDAR_MONTH":[201912,201610,202005,201712,202002,201506,201608,201811,202006,201812,201901,201703,201904,202004,201808,201605,201707,201603,201908,201607,201711,201606,201601,201905,201704,201803,201702,201604,201710,201509,201909,201911,201602,201510,201612,201609,201508,201511,201708,201709,201805,201910,201906,201810,201706,201807,202007,201804,201809,201802,202001,201801,201611,201806,201701,201907,201902,201705,201903,201507,201505,201512,202003],"Y_PREVALENCE_1000PP":[26.44266,18.6824,40.3312,9.44926,24.19502,44.1989,24.85333,10.70647,45.05673,13.82306,12.24926,13.38589,11.63657,34.05931,11.78268,24.9533,10.48925,32.71098,18.08476,23.98082,8.67983,27.73669,36.7899,12.37133,10.75269,8.83829,17.87394,25.72899,10.00282,56.10473,15.30731,21.49952,32.05448,47.34613,20.08929,23.07849,65.23224,43.94619,9.81675,8.69754,7.81698,20.00503,14.48407,10.30225,9.87542,10.56822,55.61331,10.02578,10.48218,9.27445,24.30114,9.87672,18.66194,9.59442,19.21751,15.47828,12.00715,9.96157,11.44305,53.74716,48.7239,39.50954,28.69267]},"FREQUENCY_DISTRIBUTION":{"Y_NUM_PERSONS":[7,2,1,1,1,1,1,0,0,0,0,0,0,0,0,0,0,0,0,0,0,0,0,0,0,0,0,0,0,0,0,0,0,0,0,0,0,0,0,0,0,0,0,0,0,0,0,0,0,0,0,0,0,0,0,0,0,0,0,0,0,0,0,0,0,0,0,0],"X_COUNT":[1,2,3,4,5,6,7,8,9,10,11,12,13,14,15,16,17,18,19,20,22,23,24,25,26,27,28,29,30,31,32,33,34,35,36,37,38,39,40,41,42,43,44,45,46,47,49,50,51,53,54,55,63,64,67,70,72,73,77,81,86,96,102,106,112,113,124,125]},"MEASUREMENTS_BY_TYPE":{"CONCEPT_NAME":"EHR","COUNT_VALUE":24892},"AGE_AT_FIRST_OCCURRENCE":{"CATEGORY":["MALE","FEMALE"],"MIN_VALUE":[0,0],"P10_VALUE":[0,0],"P25_VALUE":[0,0],"MEDIAN_VALUE":[0,0],"P75_VALUE":[0,0],"P90_VALUE":[0,0],"MAX_VALUE":[1,1]},"RECORDS_BY_UNIT":{"CONCEPT_NAME":"No matching concept","COUNT_VALUE":24892},"MEASUREMENT_VALUE_DISTRIBUTION":{"CATEGORY":"No matching concept","MIN_VALUE":0,"P10_VALUE":32.1,"P25_VALUE":32.8,"MEDIAN_VALUE":33.6,"P75_VALUE":34.5,"P90_VALUE":35.5,"MAX_VALUE":677.1},"LOWER_LIMIT_DISTRIBUTION":{"CATEGORY":[],"MIN_VALUE":[],"P10_VALUE":[],"P25_VALUE":[],"MEDIAN_VALUE":[],"P75_VALUE":[],"P90_VALUE":[],"MAX_VALUE":[]},"UPPER_LIMIT_DISTRIBUTION":{"CATEGORY":[],"MIN_VALUE":[],"P10_VALUE":[],"P25_VALUE":[],"MEDIAN_VALUE":[],"P75_VALUE":[],"P90_VALUE":[],"MAX_VALUE":[]},"VALUES_RELATIVE_TO_NORM":{"CONCEPT_NAME":[],"COUNT_VALUE":[]}}
