{"PREVALENCE_BY_GENDER_AGE_YEAR":{"TRELLIS_NAME":["0-9","0-9","0-9","0-9","0-9","0-9","0-9","0-9","0-9","0-9","0-9","0-9"],"SERIES_NAME":["MALE","FEMALE","FEMALE","MALE","FEMALE","MALE","FEMALE","MALE","MALE","FEMALE","FEMALE","MALE"],"X_CALENDAR_YEAR":[2015,2015,2016,2016,2017,2017,2018,2018,2019,2019,2020,2020],"Y_PREVALENCE_1000PP":[21.72414,13.31361,18.29166,21.64916,12.89421,19.45816,19.46768,25.0185,22.55325,17.25129,21.6968,30.869]},"PREVALENCE_BY_MONTH":{"X_CALENDAR_MONTH":[201906,201805,202003,201603,202001,201701,201704,201706,201604,201512,201601,201902,201605,201702,201909,201507,201511,201510,201803,201602,201612,201608,201801,201907,201705,201812,201808,202007,201703,201609,202005,201807,202006,201606,201607,201908,201712,201911,201901,201804,201905,201904,201711,201810,201707,201811,201910,201806,201809,202002,201610,201912,201708,201903,201710,201508,201509,201709,202004,201611,201802],"Y_PREVALENCE_1000PP":[2.29747,1.8646,5.65771,3.28603,4.28844,1.72354,2.26372,1.44333,2.42996,3.11405,3.60685,2.29924,3.20256,1.11178,2.68754,10.59803,4.03587,5.48218,2.1919,2.3252,1.07143,3.73333,2.10143,1.85739,1.64719,2.52765,2.03651,10.91476,1.14971,2.54168,8.27991,1.66486,8.10373,2.95858,2.74066,2.06994,1.55137,3.94612,2.79513,2.07677,2.45538,1.95494,0.97998,1.8938,1.79816,1.64114,3.01963,1.74444,1.94669,5.63944,1.67158,4.52885,1.67248,1.31027,1.97239,4.78142,4.00748,1.73951,8.57275,2.79929,1.78355]},"FREQUENCY_DISTRIBUTION":{"Y_NUM_PERSONS":[1,0,0,0,0,0,0,0,0,0,0,0],"X_COUNT":[1,2,3,4,5,6,7,8,9,10,11,13]},"MEASUREMENTS_BY_TYPE":{"CONCEPT_NAME":"EHR","COUNT_VALUE":1874},"AGE_AT_FIRST_OCCURRENCE":{"CATEGORY":["MALE","FEMALE"],"MIN_VALUE":[0,0],"P10_VALUE":[0,0],"P25_VALUE":[0,0],"MEDIAN_VALUE":[0,0],"P75_VALUE":[0,0],"P90_VALUE":[0,0],"MAX_VALUE":[1,1]},"RECORDS_BY_UNIT":{"CONCEPT_NAME":"No matching concept","COUNT_VALUE":1874},"MEASUREMENT_VALUE_DISTRIBUTION":{"CATEGORY":"No matching concept","MIN_VALUE":5,"P10_VALUE":7.226,"P25_VALUE":7.288,"MEDIAN_VALUE":7.345,"P75_VALUE":7.396,"P90_VALUE":7.44,"MAX_VALUE":8.5},"LOWER_LIMIT_DISTRIBUTION":{"CATEGORY":[],"MIN_VALUE":[],"P10_VALUE":[],"P25_VALUE":[],"MEDIAN_VALUE":[],"P75_VALUE":[],"P90_VALUE":[],"MAX_VALUE":[]},"UPPER_LIMIT_DISTRIBUTION":{"CATEGORY":[],"MIN_VALUE":[],"P10_VALUE":[],"P25_VALUE":[],"MEDIAN_VALUE":[],"P75_VALUE":[],"P90_VALUE":[],"MAX_VALUE":[]},"VALUES_RELATIVE_TO_NORM":{"CONCEPT_NAME":[],"COUNT_VALUE":[]}}
