{"PREVALENCE_BY_GENDER_AGE_YEAR":{"TRELLIS_NAME":["0-9","0-9","0-9","0-9","0-9","0-9","0-9","0-9","0-9","0-9","0-9","0-9"],"SERIES_NAME":["MALE","FEMALE","FEMALE","MALE","MALE","FEMALE","MALE","FEMALE","MALE","FEMALE","FEMALE","MALE"],"X_CALENDAR_YEAR":[2015,2015,2016,2016,2017,2017,2018,2018,2019,2019,2020,2020],"Y_PREVALENCE_1000PP":[63.10345,54.36391,52.02215,56.82904,58.07514,49.09119,60.54774,52.01521,59.58513,49.30995,53.12935,63.55383]},"PREVALENCE_BY_MONTH":{"X_CALENDAR_MONTH":[201602,201706,201608,201505,201908,201909,201704,201701,201712,201510,201610,201910,201805,202002,201711,201705,201806,201612,201512,201506,201604,202001,201912,201507,201801,201810,201605,201607,201710,201804,201709,202006,201812,201509,201609,201911,201901,202005,201511,201907,201811,201904,201708,201807,201702,201707,201809,201906,201808,201802,201905,202004,201606,201508,201902,201601,201903,201611,201703,201803,201603,202007,202003],"Y_PREVALENCE_1000PP":[10.62946,5.77332,9.81333,16.2413,10.24077,10.86703,6.62948,5.94623,6.84014,16.94493,6.88299,10.94615,6.23924,16.7364,6.78986,6.35344,5.88748,5.98214,14.59712,16.57459,9.5769,14.93011,14.02484,26.49508,6.30429,6.89342,8.67361,9.47813,6.12849,6.80321,5.79836,29.82172,7.26698,21.10606,9.25173,11.70227,6.41236,25.64103,17.93722,10.00929,6.799,7.26122,6.1082,6.51466,7.61139,6.1437,6.43905,9.18989,7.49145,5.7787,8.21607,18.76738,8.50592,26.29781,7.40867,14.42741,6.72607,6.99823,7.63735,6.08075,11.94922,28.06653,17.57931]},"FREQUENCY_DISTRIBUTION":{"Y_NUM_PERSONS":[3,2,2,2,1,1,1,1,1,1,1,1,1,0,0,0,0,0,0,0,0,0,0,0,0,0,0,0,0,0,0,0,0,0,0,0,0,0,0,0,0,0,0,0,0,0,0,0,0,0,0,0,0,0,0,0,0,0,0,0,0,0,0,0,0,0,0,0,0,0,0,0,0,0,0,0,0,0,0,0,0,0,0,0,0,0,0,0,0,0,0,0,0,0],"X_COUNT":[1,2,3,4,5,6,7,8,9,10,11,12,13,14,15,16,17,18,19,20,21,22,23,24,25,26,27,28,29,30,31,32,33,34,35,36,37,38,39,40,41,42,43,44,45,46,47,48,49,50,51,52,53,54,55,56,57,58,59,61,62,64,65,66,67,68,69,71,72,73,74,75,78,81,82,84,89,91,93,97,100,101,102,104,110,113,114,122,136,142,148,158,160,178]},"MEASUREMENTS_BY_TYPE":{"CONCEPT_NAME":"EHR","COUNT_VALUE":31285},"AGE_AT_FIRST_OCCURRENCE":{"CATEGORY":["MALE","FEMALE"],"MIN_VALUE":[0,0],"P10_VALUE":[0,0],"P25_VALUE":[0,0],"MEDIAN_VALUE":[0,0],"P75_VALUE":[0,0],"P90_VALUE":[0,0],"MAX_VALUE":[1,1]},"RECORDS_BY_UNIT":{"CONCEPT_NAME":"No matching concept","COUNT_VALUE":31285},"MEASUREMENT_VALUE_DISTRIBUTION":{"CATEGORY":"No matching concept","MIN_VALUE":1,"P10_VALUE":3.5,"P25_VALUE":4.1,"MEDIAN_VALUE":5,"P75_VALUE":5.7,"P90_VALUE":6.4,"MAX_VALUE":116},"LOWER_LIMIT_DISTRIBUTION":{"CATEGORY":[],"MIN_VALUE":[],"P10_VALUE":[],"P25_VALUE":[],"MEDIAN_VALUE":[],"P75_VALUE":[],"P90_VALUE":[],"MAX_VALUE":[]},"UPPER_LIMIT_DISTRIBUTION":{"CATEGORY":[],"MIN_VALUE":[],"P10_VALUE":[],"P25_VALUE":[],"MEDIAN_VALUE":[],"P75_VALUE":[],"P90_VALUE":[],"MAX_VALUE":[]},"VALUES_RELATIVE_TO_NORM":{"CONCEPT_NAME":[],"COUNT_VALUE":[]}}
