{"PREVALENCE_BY_GENDER_AGE_YEAR":{"TRELLIS_NAME":["0-9","0-9","0-9","0-9","0-9","0-9","0-9","0-9","0-9","0-9","0-9","0-9"],"SERIES_NAME":["FEMALE","MALE","MALE","FEMALE","FEMALE","MALE","MALE","FEMALE","MALE","FEMALE","FEMALE","MALE"],"X_CALENDAR_YEAR":[2015,2015,2016,2016,2017,2017,2018,2018,2019,2019,2020,2020],"Y_PREVALENCE_1000PP":[178.25444,195.17241,198.66285,185.09817,110.45518,129.77099,121.98372,102.05323,127.24488,102.78896,112.3783,126.32944]},"PREVALENCE_BY_MONTH":{"X_CALENDAR_MONTH":[201711,202004,201905,201909,201807,201509,201605,201804,201808,201706,202003,201908,201602,201611,201812,201702,201507,201907,201603,201609,202002,201902,201707,201512,201809,201510,201601,201606,201708,202007,201612,201703,201511,201505,201604,201710,201705,201803,201903,201811,202006,201906,201506,202001,201801,201810,201802,201610,201901,201911,201701,201806,201910,201712,201607,201704,201709,202005,201805,201508,201608,201912,201904],"Y_PREVALENCE_1000PP":[8.67983,34.05931,12.27689,15.30731,10.49584,55.83756,24.9533,10.02578,11.78268,9.87542,28.69267,18.08476,32.05448,18.56863,13.66509,17.7029,52.99016,15.47828,32.56161,23.07849,24.19502,11.922,10.41433,39.50954,10.48218,47.34613,36.7899,27.73669,9.74404,55.61331,20,13.13953,43.72197,48.7239,25.72899,10.00282,9.96157,8.83829,11.44305,10.70647,44.73258,14.48407,44.1989,24.30114,9.87672,10.30225,9.20311,18.6824,12.24926,21.49952,18.8728,9.59442,19.87921,9.44926,23.98082,10.75269,8.62506,40.3312,7.81698,65.23224,24.74667,26.44266,11.63657]},"FREQUENCY_DISTRIBUTION":{"Y_NUM_PERSONS":[7,2,1,1,1,1,1,0,0,0,0,0,0,0,0,0,0,0,0,0,0,0,0,0,0,0,0,0,0,0,0,0,0,0,0,0,0,0,0,0,0,0,0,0,0,0,0,0,0,0,0,0,0,0,0,0,0,0,0,0,0,0,0,0,0,0,0,0,0,0,0],"X_COUNT":[1,2,3,4,5,6,7,8,9,10,11,12,13,14,15,16,17,18,19,20,21,22,23,24,25,26,27,28,29,30,31,32,33,34,35,36,37,38,39,40,41,42,43,44,45,46,47,48,49,50,53,54,55,62,63,64,67,69,72,73,75,77,81,84,93,102,105,109,113,123,124]},"MEASUREMENTS_BY_TYPE":{"CONCEPT_NAME":"EHR","COUNT_VALUE":24696},"AGE_AT_FIRST_OCCURRENCE":{"CATEGORY":["MALE","FEMALE"],"MIN_VALUE":[0,0],"P10_VALUE":[0,0],"P25_VALUE":[0,0],"MEDIAN_VALUE":[0,0],"P75_VALUE":[0,0],"P90_VALUE":[0,0],"MAX_VALUE":[1,1]},"RECORDS_BY_UNIT":{"CONCEPT_NAME":"No matching concept","COUNT_VALUE":24696},"MEASUREMENT_VALUE_DISTRIBUTION":{"CATEGORY":"No matching concept","MIN_VALUE":0,"P10_VALUE":11.1,"P25_VALUE":17.5,"MEDIAN_VALUE":26.7,"P75_VALUE":40.3,"P90_VALUE":55.2,"MAX_VALUE":99.1},"LOWER_LIMIT_DISTRIBUTION":{"CATEGORY":[],"MIN_VALUE":[],"P10_VALUE":[],"P25_VALUE":[],"MEDIAN_VALUE":[],"P75_VALUE":[],"P90_VALUE":[],"MAX_VALUE":[]},"UPPER_LIMIT_DISTRIBUTION":{"CATEGORY":[],"MIN_VALUE":[],"P10_VALUE":[],"P25_VALUE":[],"MEDIAN_VALUE":[],"P75_VALUE":[],"P90_VALUE":[],"MAX_VALUE":[]},"VALUES_RELATIVE_TO_NORM":{"CONCEPT_NAME":[],"COUNT_VALUE":[]}}
