{"PREVALENCE_BY_GENDER_AGE_YEAR":{"TRELLIS_NAME":["0-9","0-9","0-9","0-9"],"SERIES_NAME":["FEMALE","MALE","MALE","FEMALE"],"X_CALENDAR_YEAR":[2019,2019,2020,2020],"Y_PREVALENCE_1000PP":[953.42151,948.21105,922.9572,922.11405]},"PREVALENCE_BY_MONTH":{"X_CALENDAR_MONTH":[202001,201909,201910,202006,201908,201911,202007,202003,201901,201904,202002,201903,202005,201912,201907,201902,201905,201906,202004],"Y_PREVALENCE_1000PP":[194.40915,141.62187,150.85556,333.87358,137.05197,161.11036,247.40125,233.7846,89.60868,98.58499,205.74859,103.51153,289.52991,176.47918,130.22392,96.48301,112.09746,114.87364,256.71918]},"FREQUENCY_DISTRIBUTION":{"Y_NUM_PERSONS":[17,17,11,5,2,1,1,0,0,0,0,0,0,0,0,0,0,0,0,0,0,0,0],"X_COUNT":[1,2,3,4,5,6,7,8,9,10,11,12,13,14,15,16,17,18,19,22,24,25,26]},"MEASUREMENTS_BY_TYPE":{"CONCEPT_NAME":"EHR","COUNT_VALUE":65573},"AGE_AT_FIRST_OCCURRENCE":{"CATEGORY":["FEMALE","MALE"],"MIN_VALUE":[0,0],"P10_VALUE":[0,0],"P25_VALUE":[0,0],"MEDIAN_VALUE":[0,0],"P75_VALUE":[0,0],"P90_VALUE":[0,0],"MAX_VALUE":[1,1]},"RECORDS_BY_UNIT":{"CONCEPT_NAME":"No matching concept","COUNT_VALUE":65573},"MEASUREMENT_VALUE_DISTRIBUTION":{"CATEGORY":"No matching concept","MIN_VALUE":0,"P10_VALUE":2.452,"P25_VALUE":2.795,"MEDIAN_VALUE":3.125,"P75_VALUE":3.44,"P90_VALUE":3.722,"MAX_VALUE":95},"LOWER_LIMIT_DISTRIBUTION":{"CATEGORY":[],"MIN_VALUE":[],"P10_VALUE":[],"P25_VALUE":[],"MEDIAN_VALUE":[],"P75_VALUE":[],"P90_VALUE":[],"MAX_VALUE":[]},"UPPER_LIMIT_DISTRIBUTION":{"CATEGORY":[],"MIN_VALUE":[],"P10_VALUE":[],"P25_VALUE":[],"MEDIAN_VALUE":[],"P75_VALUE":[],"P90_VALUE":[],"MAX_VALUE":[]},"VALUES_RELATIVE_TO_NORM":{"CONCEPT_NAME":[],"COUNT_VALUE":[]}}
