{"PREVALENCE_BY_GENDER_AGE_YEAR":{"TRELLIS_NAME":["0-9","0-9","0-9","0-9","0-9","0-9","0-9","0-9","0-9","0-9","0-9","0-9"],"SERIES_NAME":["MALE","FEMALE","FEMALE","MALE","FEMALE","MALE","FEMALE","MALE","MALE","FEMALE","FEMALE","MALE"],"X_CALENDAR_YEAR":[2015,2015,2016,2016,2017,2017,2018,2018,2019,2019,2020,2020],"Y_PREVALENCE_1000PP":[43.44828,35.13314,38.09364,39.1595,30.13826,32.18081,30.41825,34.64101,35.6397,30.18976,33.93602,35.53826]},"PREVALENCE_BY_MONTH":{"X_CALENDAR_MONTH":[201610,201507,202006,201606,201707,201809,201704,201512,202005,201609,201706,201612,201705,201907,201811,201711,201908,201701,201611,201509,201905,201703,202003,201510,201910,202001,201608,201808,201605,201807,201604,201911,201601,201607,201803,201508,201812,201906,201505,201810,202007,201901,202002,201902,201806,201511,201909,201603,201710,201801,201602,201712,201702,201506,201912,201802,201708,201805,202004,201709,201903,201904,201804],"Y_PREVALENCE_1000PP":[2.85152,19.68206,16.20746,4.56114,2.47247,2.92004,2.34457,6.61736,11.48504,4.16836,2.12701,3.30357,2.74531,3.40522,2.26633,2.30995,4.68461,3.36091,4.57218,10.15228,3.30532,3.20276,6.26389,8.47246,5.78762,5.55909,5.76,2.98204,4.27008,2.96779,4.4311,5.85114,8.11542,5.02455,2.96967,10.92896,3.00158,2.9967,13.92111,3.03007,13.51351,2.71292,5.82136,3.32113,2.54397,10.08969,5.02454,6.8708,2.74725,2.45167,4.65039,2.53861,2.65116,6.62983,6.72023,2.28294,2.54508,2.00803,9.73123,2.31934,3.31936,3.44442,2.43483]},"FREQUENCY_DISTRIBUTION":{"Y_NUM_PERSONS":2,"X_COUNT":1},"MEASUREMENTS_BY_TYPE":{"CONCEPT_NAME":"EHR","COUNT_VALUE":2262},"AGE_AT_FIRST_OCCURRENCE":{"CATEGORY":["MALE","FEMALE"],"MIN_VALUE":[0,0],"P10_VALUE":[0,0],"P25_VALUE":[0,0],"MEDIAN_VALUE":[0,0],"P75_VALUE":[0,0],"P90_VALUE":[0,0],"MAX_VALUE":[0,0]},"RECORDS_BY_UNIT":{"CONCEPT_NAME":"No matching concept","COUNT_VALUE":2262},"MEASUREMENT_VALUE_DISTRIBUTION":{"CATEGORY":"No matching concept","MIN_VALUE":0,"P10_VALUE":79,"P25_VALUE":92,"MEDIAN_VALUE":95,"P75_VALUE":98,"P90_VALUE":100,"MAX_VALUE":955},"LOWER_LIMIT_DISTRIBUTION":{"CATEGORY":[],"MIN_VALUE":[],"P10_VALUE":[],"P25_VALUE":[],"MEDIAN_VALUE":[],"P75_VALUE":[],"P90_VALUE":[],"MAX_VALUE":[]},"UPPER_LIMIT_DISTRIBUTION":{"CATEGORY":[],"MIN_VALUE":[],"P10_VALUE":[],"P25_VALUE":[],"MEDIAN_VALUE":[],"P75_VALUE":[],"P90_VALUE":[],"MAX_VALUE":[]},"VALUES_RELATIVE_TO_NORM":{"CONCEPT_NAME":[],"COUNT_VALUE":[]}}
