{"PREVALENCE_BY_GENDER_AGE_YEAR":{"TRELLIS_NAME":["0-9","0-9","0-9","0-9","0-9","0-9","0-9","0-9","0-9","0-9","0-9","0-9"],"SERIES_NAME":["MALE","FEMALE","FEMALE","MALE","MALE","FEMALE","FEMALE","MALE","MALE","FEMALE","FEMALE","MALE"],"X_CALENDAR_YEAR":[2015,2015,2016,2016,2017,2017,2018,2018,2019,2019,2020,2020],"Y_PREVALENCE_1000PP":[57.58621,53.99408,51.3509,55.87393,58.52417,46.91627,49.27757,57.43893,54.15565,46.29097,48.67872,57.84695]},"PREVALENCE_BY_MONTH":{"X_CALENDAR_MONTH":[202001,201811,201512,202002,201606,201605,201610,201705,201807,201510,201706,201603,201710,201906,201908,201507,201804,202004,201902,201809,201612,201803,201709,201711,201907,201904,201703,201701,202005,201609,201903,202007,201805,202003,201611,201506,201707,201801,201511,201901,201812,201508,202006,201802,201602,201704,201712,201810,201608,201910,201509,201607,201806,201601,201909,201505,201905,201912,201702,201708,201604,201911,201808],"Y_PREVALENCE_1000PP":[13.8183,6.3301,14.40249,15.82681,8.38264,8.94049,6.88299,6.19656,6.00796,16.44655,6.07718,12.09858,6.26937,8.89022,9.47816,23.46707,6.51676,17.84059,7.32351,6.36418,6.25,5.93933,5.87084,6.43987,8.9774,6.88885,7.71947,6.37711,24.03846,8.84506,7.25017,24.42827,6.23924,16.77106,6.81161,14.36464,6.36847,6.09414,18.83408,6.16573,7.18799,24.59016,26.90438,5.85004,10.79555,6.62948,6.48755,6.66616,9.81333,10.82033,20.30457,9.82071,5.52406,14.42741,9.93223,18.56148,7.46057,12.8561,7.01274,5.6719,9.71984,11.02191,7.05506]},"FREQUENCY_DISTRIBUTION":{"Y_NUM_PERSONS":[3,2,2,2,1,1,1,1,1,1,1,1,0,0,0,0,0,0,0,0,0,0,0,0,0,0,0,0,0,0,0,0,0,0,0,0,0,0,0,0,0,0,0,0,0,0,0,0,0,0,0,0,0,0,0,0,0,0,0,0,0,0,0,0,0,0,0,0,0,0,0,0,0,0,0,0,0,0,0,0,0,0,0,0,0,0,0,0,0,0,0],"X_COUNT":[1,2,3,4,5,6,7,8,9,10,11,12,13,14,15,16,17,18,19,20,21,22,23,24,25,26,27,28,29,30,31,32,33,34,35,36,37,38,39,40,41,42,43,44,45,46,47,48,49,50,51,52,53,55,56,57,58,59,60,61,63,64,65,66,67,69,70,71,72,73,74,76,78,80,84,86,87,89,98,99,102,105,107,110,114,118,128,133,139,141,142]},"MEASUREMENTS_BY_TYPE":{"CONCEPT_NAME":"EHR","COUNT_VALUE":30060},"AGE_AT_FIRST_OCCURRENCE":{"CATEGORY":["FEMALE","MALE"],"MIN_VALUE":[0,0],"P10_VALUE":[0,0],"P25_VALUE":[0,0],"MEDIAN_VALUE":[0,0],"P75_VALUE":[0,0],"P90_VALUE":[0,0],"MAX_VALUE":[1,1]},"RECORDS_BY_UNIT":{"CONCEPT_NAME":"No matching concept","COUNT_VALUE":30060},"MEASUREMENT_VALUE_DISTRIBUTION":{"CATEGORY":"No matching concept","MIN_VALUE":0.01,"P10_VALUE":2.07,"P25_VALUE":2.23,"MEDIAN_VALUE":2.39,"P75_VALUE":2.53,"P90_VALUE":2.66,"MAX_VALUE":14.9},"LOWER_LIMIT_DISTRIBUTION":{"CATEGORY":[],"MIN_VALUE":[],"P10_VALUE":[],"P25_VALUE":[],"MEDIAN_VALUE":[],"P75_VALUE":[],"P90_VALUE":[],"MAX_VALUE":[]},"UPPER_LIMIT_DISTRIBUTION":{"CATEGORY":[],"MIN_VALUE":[],"P10_VALUE":[],"P25_VALUE":[],"MEDIAN_VALUE":[],"P75_VALUE":[],"P90_VALUE":[],"MAX_VALUE":[]},"VALUES_RELATIVE_TO_NORM":{"CONCEPT_NAME":[],"COUNT_VALUE":[]}}
