{"PREVALENCE_BY_GENDER_AGE_YEAR":{"TRELLIS_NAME":["0-9","0-9","0-9","0-9","0-9","0-9","0-9","0-9","0-9","0-9","0-9","0-9"],"SERIES_NAME":["FEMALE","MALE","MALE","FEMALE","FEMALE","MALE","FEMALE","MALE","FEMALE","MALE","MALE","FEMALE"],"X_CALENDAR_YEAR":[2015,2015,2016,2016,2017,2017,2018,2018,2019,2019,2020,2020],"Y_PREVALENCE_1000PP":[178.62426,195.17241,198.98122,185.26598,111.07659,130.36971,102.50951,122.13175,103.22024,127.24488,126.32944,112.65647]},"PREVALENCE_BY_MONTH":{"X_CALENDAR_MONTH":[201904,201509,201508,201603,201803,201809,201609,201810,202001,201908,201703,201505,201804,201712,201802,201608,201510,201808,201707,201704,202005,201907,201507,201602,201512,201705,201506,201807,201709,201601,201902,201806,201701,201711,202002,201607,201909,201708,201910,201901,202004,201706,201805,202007,201702,201811,202003,201511,201606,201905,201906,202006,201911,201710,201801,201610,201604,201611,201612,201903,201605,201912,201812],"Y_PREVALENCE_1000PP":[11.63657,56.10473,65.23224,32.71098,8.83829,10.48218,23.07849,10.30225,24.30114,18.08476,13.38589,48.7239,10.02578,9.44926,9.27445,24.85333,47.34613,11.78268,10.48925,10.75269,40.3312,15.47828,53.74716,32.05448,39.50954,9.96157,44.1989,10.56822,8.69754,36.7899,12.00715,9.59442,19.21751,8.67983,24.19502,23.98082,15.30731,9.81675,20.00503,12.24926,34.05931,9.87542,7.81698,55.61331,17.87394,10.70647,28.69267,43.94619,27.73669,12.37133,14.48407,45.05673,21.49952,10.00282,9.87672,18.6824,25.72899,18.66194,20.08929,11.44305,24.9533,26.44266,13.82306]},"FREQUENCY_DISTRIBUTION":{"Y_NUM_PERSONS":[7,2,1,1,1,1,1,0,0,0,0,0,0,0,0,0,0,0,0,0,0,0,0,0,0,0,0,0,0,0,0,0,0,0,0,0,0,0,0,0,0,0,0,0,0,0,0,0,0,0,0,0,0,0,0,0,0,0,0,0,0,0,0,0,0,0,0,0,0],"X_COUNT":[1,2,3,4,5,6,7,8,9,10,11,12,13,14,15,16,17,18,19,20,22,23,24,25,26,27,28,29,30,31,32,33,34,35,36,37,38,39,40,41,42,43,44,45,46,47,49,50,51,53,54,55,63,64,67,70,72,73,76,77,81,85,96,102,105,112,113,124,125]},"MEASUREMENTS_BY_TYPE":{"CONCEPT_NAME":"EHR","COUNT_VALUE":24882},"AGE_AT_FIRST_OCCURRENCE":{"CATEGORY":["FEMALE","MALE"],"MIN_VALUE":[0,0],"P10_VALUE":[0,0],"P25_VALUE":[0,0],"MEDIAN_VALUE":[0,0],"P75_VALUE":[0,0],"P90_VALUE":[0,0],"MAX_VALUE":[1,1]},"RECORDS_BY_UNIT":{"CONCEPT_NAME":"No matching concept","COUNT_VALUE":24882},"MEASUREMENT_VALUE_DISTRIBUTION":{"CATEGORY":"No matching concept","MIN_VALUE":0,"P10_VALUE":11,"P25_VALUE":13.1,"MEDIAN_VALUE":16,"P75_VALUE":18.8,"P90_VALUE":21,"MAX_VALUE":30.3},"LOWER_LIMIT_DISTRIBUTION":{"CATEGORY":[],"MIN_VALUE":[],"P10_VALUE":[],"P25_VALUE":[],"MEDIAN_VALUE":[],"P75_VALUE":[],"P90_VALUE":[],"MAX_VALUE":[]},"UPPER_LIMIT_DISTRIBUTION":{"CATEGORY":[],"MIN_VALUE":[],"P10_VALUE":[],"P25_VALUE":[],"MEDIAN_VALUE":[],"P75_VALUE":[],"P90_VALUE":[],"MAX_VALUE":[]},"VALUES_RELATIVE_TO_NORM":{"CONCEPT_NAME":[],"COUNT_VALUE":[]}}
