{"PREVALENCE_BY_GENDER_AGE_YEAR":{"TRELLIS_NAME":["0-9","0-9","0-9","0-9","0-9","0-9","0-9","0-9","0-9","0-9","0-9","0-9"],"SERIES_NAME":["FEMALE","MALE","FEMALE","MALE","FEMALE","MALE","FEMALE","MALE","MALE","FEMALE","FEMALE","MALE"],"X_CALENDAR_YEAR":[2015,2015,2016,2016,2017,2017,2018,2018,2019,2019,2020,2020],"Y_PREVALENCE_1000PP":[13.31361,21.37931,17.78822,21.48997,12.11745,18.70977,19.01141,25.0185,21.85716,16.96377,20.58414,30.09079]},"PREVALENCE_BY_MONTH":{"X_CALENDAR_MONTH":[201811,201910,201512,201604,202005,201909,201706,201702,202002,201903,201701,201808,201906,201609,201708,201601,201912,201911,201804,201608,201612,201610,201712,201802,201901,201705,201607,201810,201709,202004,201902,201803,201507,201905,201812,201908,201703,201606,201805,201704,201611,201711,201907,201510,202003,201806,201807,201801,201904,201508,201707,201809,202001,202007,201509,201603,201605,202006,201602,201511,201710],"Y_PREVALENCE_1000PP":[1.64114,2.64217,2.91942,2.42996,7.47863,2.68754,1.21544,1.11178,5.45752,1.31027,1.63737,2.03651,2.29747,2.44002,1.67248,3.60685,4.23667,3.81004,2.00516,3.62667,0.98214,1.57325,1.41034,1.71221,2.71292,1.56875,2.74066,1.8938,1.73951,8.10936,2.29924,2.12119,10.59803,2.45538,2.44866,2.06994,1.06759,2.95858,1.8646,2.18288,2.79929,0.97998,1.7542,5.48218,5.45565,1.59907,1.59247,2.03138,1.95494,4.78142,1.64831,1.94669,4.28844,10.39501,4.00748,3.28603,3.20256,7.45543,2.15911,4.03587,1.97239]},"FREQUENCY_DISTRIBUTION":{"Y_NUM_PERSONS":[1,0,0,0,0,0,0,0,0,0],"X_COUNT":[1,2,3,4,5,6,7,8,9,10]},"MEASUREMENTS_BY_TYPE":{"CONCEPT_NAME":"EHR","COUNT_VALUE":1790},"AGE_AT_FIRST_OCCURRENCE":{"CATEGORY":["MALE","FEMALE"],"MIN_VALUE":[0,0],"P10_VALUE":[0,0],"P25_VALUE":[0,0],"MEDIAN_VALUE":[0,0],"P75_VALUE":[0,0],"P90_VALUE":[0,0],"MAX_VALUE":[1,1]},"RECORDS_BY_UNIT":{"CONCEPT_NAME":"No matching concept","COUNT_VALUE":1790},"MEASUREMENT_VALUE_DISTRIBUTION":{"CATEGORY":"No matching concept","MIN_VALUE":-24.7,"P10_VALUE":-7.2,"P25_VALUE":-5.1,"MEDIAN_VALUE":-3.3,"P75_VALUE":-1.4,"P90_VALUE":1.6,"MAX_VALUE":19.8},"LOWER_LIMIT_DISTRIBUTION":{"CATEGORY":[],"MIN_VALUE":[],"P10_VALUE":[],"P25_VALUE":[],"MEDIAN_VALUE":[],"P75_VALUE":[],"P90_VALUE":[],"MAX_VALUE":[]},"UPPER_LIMIT_DISTRIBUTION":{"CATEGORY":[],"MIN_VALUE":[],"P10_VALUE":[],"P25_VALUE":[],"MEDIAN_VALUE":[],"P75_VALUE":[],"P90_VALUE":[],"MAX_VALUE":[]},"VALUES_RELATIVE_TO_NORM":{"CONCEPT_NAME":[],"COUNT_VALUE":[]}}
