{"PREVALENCE_BY_GENDER_AGE_YEAR":{"TRELLIS_NAME":["0-9","0-9","0-9","0-9","0-9","0-9","0-9","0-9","0-9","0-9","0-9","0-9"],"SERIES_NAME":["MALE","FEMALE","MALE","FEMALE","MALE","FEMALE","FEMALE","MALE","FEMALE","MALE","MALE","FEMALE"],"X_CALENDAR_YEAR":[2015,2015,2016,2016,2017,2017,2018,2018,2019,2019,2020,2020],"Y_PREVALENCE_1000PP":[2.06897,4.06805,1.91022,2.68501,5.83745,4.1945,9.58175,12.28719,5.60667,10.16288,9.59792,6.67594]},"PREVALENCE_BY_MONTH":{"X_CALENDAR_MONTH":[201811,201801,201911,201904,201511,201802,202004,201910,201509,201808,201805,201711,201906,202006,201812,202007,202001,201905,202003,201810,201807,201809,201709,202002,201903,201712,201806,201902,201702,201703,201908,201901,201907,201804,201710,201912,201803],"Y_PREVALENCE_1000PP":[1.17224,0.98067,1.22466,0.55856,1.56951,1.07013,1.85357,1.63563,1.60299,0.65459,1.07573,0.69999,1.69813,2.91734,1.02686,4.67775,2.22363,0.7555,2.22267,0.98477,0.86862,0.89847,0.50736,2.00109,0.87352,0.98724,1.16296,1.1922,0.68417,0.7391,0.76261,0.65768,1.34145,1.28903,0.77487,2.19138,1.27271]},"FREQUENCY_DISTRIBUTION":{"Y_NUM_PERSONS":[0,0,0,0,0,0,0,0,0,0,0,0,0,0,0,0,0,0,0,0,0,0,0,0,0,0,0],"X_COUNT":[1,2,3,4,5,6,7,8,9,10,11,12,13,14,15,16,17,18,19,21,23,24,25,27,31,35,44]},"MEASUREMENTS_BY_TYPE":{"CONCEPT_NAME":"EHR","COUNT_VALUE":2118},"AGE_AT_FIRST_OCCURRENCE":{"CATEGORY":["FEMALE","MALE"],"MIN_VALUE":[0,0],"P10_VALUE":[0,0],"P25_VALUE":[0,0],"MEDIAN_VALUE":[0,0],"P75_VALUE":[0,0],"P90_VALUE":[0,0],"MAX_VALUE":[1,1]},"RECORDS_BY_UNIT":{"CONCEPT_NAME":"No matching concept","COUNT_VALUE":2118},"MEASUREMENT_VALUE_DISTRIBUTION":{"CATEGORY":"No matching concept","MIN_VALUE":31.34,"P10_VALUE":167.4,"P25_VALUE":230,"MEDIAN_VALUE":319,"P75_VALUE":433,"P90_VALUE":543,"MAX_VALUE":991},"LOWER_LIMIT_DISTRIBUTION":{"CATEGORY":[],"MIN_VALUE":[],"P10_VALUE":[],"P25_VALUE":[],"MEDIAN_VALUE":[],"P75_VALUE":[],"P90_VALUE":[],"MAX_VALUE":[]},"UPPER_LIMIT_DISTRIBUTION":{"CATEGORY":[],"MIN_VALUE":[],"P10_VALUE":[],"P25_VALUE":[],"MEDIAN_VALUE":[],"P75_VALUE":[],"P90_VALUE":[],"MAX_VALUE":[]},"VALUES_RELATIVE_TO_NORM":{"CONCEPT_NAME":[],"COUNT_VALUE":[]}}
