{"PREVALENCE_BY_GENDER_AGE_YEAR":{"TRELLIS_NAME":["0-9","0-9","0-9","0-9","0-9","0-9","0-9","0-9","0-9","0-9","0-9","0-9"],"SERIES_NAME":["MALE","FEMALE","FEMALE","MALE","FEMALE","MALE","FEMALE","MALE","FEMALE","MALE","MALE","FEMALE"],"X_CALENDAR_YEAR":[2015,2015,2016,2016,2017,2017,2018,2018,2019,2019,2020,2020],"Y_PREVALENCE_1000PP":[17.93103,8.13609,11.57912,14.48583,11.49604,13.62072,10.34221,14.2117,11.93214,14.89628,23.60571,12.51739]},"PREVALENCE_BY_MONTH":{"X_CALENDAR_MONTH":[201910,201911,201802,201611,201811,201707,201807,202006,202003,201808,201812,201708,202001,201601,201610,201604,201511,201703,201805,201806,201606,201512,201701,201810,201608,201710,201612,201602,201508,201809,201905,201912,202002,201901,201908,201510,201705,202007,201902,201603,201706,201704,201904,201804,201607,202005,201712,201507,201702,201803,201711,201609,202004,201709,201907,201605,201909,201903,201906,201801,201509],"Y_PREVALENCE_1000PP":[2.1389,2.17717,1.3555,1.86619,1.40669,1.57339,1.08578,8.42788,4.44534,1.16372,1.50079,1.16347,5.40025,3.24617,1.47493,2.14408,4.03587,1.39607,0.86059,1.4537,1.60256,3.11405,1.46501,1.13628,2.13333,1.40885,1.875,2.49128,5.12295,1.19796,1.79431,3.79839,4.00218,1.31536,2.06994,2.74109,0.94125,11.43451,1.27736,1.64302,0.98754,1.45525,1.76876,0.93097,1.14194,5.34188,1.19879,5.29902,1.45386,1.0606,1.25997,1.72834,4.63392,1.59455,1.54783,1.46784,1.8696,1.31027,1.59824,1.33091,4.54181]},"FREQUENCY_DISTRIBUTION":{"Y_NUM_PERSONS":[1,0,0,0,0,0,0,0,0,0,0,0,0,0,0,0,0,0],"X_COUNT":[1,2,3,4,5,6,7,8,9,10,11,12,13,14,15,16,17,19]},"MEASUREMENTS_BY_TYPE":{"CONCEPT_NAME":"EHR","COUNT_VALUE":1960},"AGE_AT_FIRST_OCCURRENCE":{"CATEGORY":["FEMALE","MALE"],"MIN_VALUE":[0,0],"P10_VALUE":[0,0],"P25_VALUE":[0,0],"MEDIAN_VALUE":[0,0],"P75_VALUE":[0,0],"P90_VALUE":[0,0],"MAX_VALUE":[1,1]},"RECORDS_BY_UNIT":{"CONCEPT_NAME":"No matching concept","COUNT_VALUE":1960},"MEASUREMENT_VALUE_DISTRIBUTION":{"CATEGORY":"No matching concept","MIN_VALUE":0,"P10_VALUE":25,"P25_VALUE":35,"MEDIAN_VALUE":56,"P75_VALUE":105,"P90_VALUE":228,"MAX_VALUE":9649},"LOWER_LIMIT_DISTRIBUTION":{"CATEGORY":[],"MIN_VALUE":[],"P10_VALUE":[],"P25_VALUE":[],"MEDIAN_VALUE":[],"P75_VALUE":[],"P90_VALUE":[],"MAX_VALUE":[]},"UPPER_LIMIT_DISTRIBUTION":{"CATEGORY":[],"MIN_VALUE":[],"P10_VALUE":[],"P25_VALUE":[],"MEDIAN_VALUE":[],"P75_VALUE":[],"P90_VALUE":[],"MAX_VALUE":[]},"VALUES_RELATIVE_TO_NORM":{"CONCEPT_NAME":[],"COUNT_VALUE":[]}}
