{"PREVALENCE_BY_GENDER_AGE_YEAR":{"TRELLIS_NAME":["0-9","0-9","0-9","0-9","0-9","0-9","0-9","0-9","0-9","0-9","0-9","0-9"],"SERIES_NAME":["MALE","FEMALE","MALE","FEMALE","FEMALE","MALE","FEMALE","MALE","FEMALE","MALE","MALE","FEMALE"],"X_CALENDAR_YEAR":[2015,2015,2016,2016,2017,2017,2018,2018,2019,2019,2020,2020],"Y_PREVALENCE_1000PP":[7.24138,4.43787,5.57147,3.85971,3.72844,4.64002,4.71483,4.44115,2.87522,5.01183,8.0415,3.61613]},"PREVALENCE_BY_MONTH":{"X_CALENDAR_MONTH":[201610,201611,201802,202001,202002,201702,201612,201712,201912,202004,201811,201608,201903,201512,201704,201804,201509,201603,201607,201511,201710,201911,201810,201703,201801,201806,202007],"Y_PREVALENCE_1000PP":[0.58997,0.55986,0.42805,0.95299,1.27342,0.59865,0.625,0.4231,1.7531,3.01205,0.4689,0.74667,0.69881,1.55703,0.56593,0.5729,1.60299,0.89619,0.79936,2.46637,0.42265,1.36073,0.45451,0.57485,0.42029,0.58148,3.63825]},"FREQUENCY_DISTRIBUTION":{"Y_NUM_PERSONS":[0,0,0,0,0,0,0,0,0],"X_COUNT":[1,2,3,4,5,6,7,9,10]},"MEASUREMENTS_BY_TYPE":{"CONCEPT_NAME":"EHR","COUNT_VALUE":739},"AGE_AT_FIRST_OCCURRENCE":{"CATEGORY":["FEMALE","MALE"],"MIN_VALUE":[0,0],"P10_VALUE":[0,0],"P25_VALUE":[0,0],"MEDIAN_VALUE":[0,0],"P75_VALUE":[0,0],"P90_VALUE":[0,0],"MAX_VALUE":[1,1]},"RECORDS_BY_UNIT":{"CONCEPT_NAME":"No matching concept","COUNT_VALUE":739},"MEASUREMENT_VALUE_DISTRIBUTION":{"CATEGORY":"No matching concept","MIN_VALUE":0.64,"P10_VALUE":1.58,"P25_VALUE":2.12,"MEDIAN_VALUE":3.2,"P75_VALUE":5.37,"P90_VALUE":13.25,"MAX_VALUE":37.05},"LOWER_LIMIT_DISTRIBUTION":{"CATEGORY":[],"MIN_VALUE":[],"P10_VALUE":[],"P25_VALUE":[],"MEDIAN_VALUE":[],"P75_VALUE":[],"P90_VALUE":[],"MAX_VALUE":[]},"UPPER_LIMIT_DISTRIBUTION":{"CATEGORY":[],"MIN_VALUE":[],"P10_VALUE":[],"P25_VALUE":[],"MEDIAN_VALUE":[],"P75_VALUE":[],"P90_VALUE":[],"MAX_VALUE":[]},"VALUES_RELATIVE_TO_NORM":{"CONCEPT_NAME":[],"COUNT_VALUE":[]}}
