{"PREVALENCE_BY_GENDER_AGE_YEAR":{"TRELLIS_NAME":["0-9","0-9","0-9","0-9","0-9","0-9","0-9","0-9","0-9","0-9","0-9"],"SERIES_NAME":["MALE","MALE","FEMALE","MALE","FEMALE","MALE","FEMALE","MALE","FEMALE","FEMALE","MALE"],"X_CALENDAR_YEAR":[2015,2016,2016,2017,2017,2018,2018,2019,2019,2020,2020],"Y_PREVALENCE_1000PP":[3.7931,4.93473,2.5172,4.93938,3.8838,7.10585,5.1711,5.01183,4.60035,4.72879,4.66926]},"PREVALENCE_BY_MONTH":{"X_CALENDAR_MONTH":[201902,201907,201805,201811,201705,201806,201708,201911,201903,202002,201810,202004,201611,201709,201812,201802,201901,201601,202001,201904,201803,201510,201912,201707,201706,201801,201712,201711,201612,201804,201807,202003,201910,201607,201809],"Y_PREVALENCE_1000PP":[0.51094,0.61913,0.57372,0.54705,0.47063,0.50879,0.65445,1.36073,0.52411,1.81917,0.68177,1.39018,0.65317,0.57984,0.7109,0.64208,0.57547,1.08206,1.11182,1.02402,0.63636,1.49514,1.16874,0.44954,0.45579,0.77052,0.91672,0.76998,0.80357,0.93097,0.79624,3.23298,1.25818,0.68517,0.74873]},"FREQUENCY_DISTRIBUTION":{"Y_NUM_PERSONS":[0,0,0,0,0,0,0,0,0,0,0,0,0,0],"X_COUNT":[1,2,3,4,5,6,7,8,9,10,12,13,14,15]},"MEASUREMENTS_BY_TYPE":{"CONCEPT_NAME":"EHR","COUNT_VALUE":1060},"AGE_AT_FIRST_OCCURRENCE":{"CATEGORY":["MALE","FEMALE"],"MIN_VALUE":[0,0],"P10_VALUE":[0,0],"P25_VALUE":[0,0],"MEDIAN_VALUE":[0,0],"P75_VALUE":[0,0],"P90_VALUE":[0,0],"MAX_VALUE":[1,1]},"RECORDS_BY_UNIT":{"CONCEPT_NAME":"No matching concept","COUNT_VALUE":1060},"MEASUREMENT_VALUE_DISTRIBUTION":{"CATEGORY":"No matching concept","MIN_VALUE":0,"P10_VALUE":0.7,"P25_VALUE":1.16,"MEDIAN_VALUE":2.11,"P75_VALUE":3.95,"P90_VALUE":6.9,"MAX_VALUE":27.3},"LOWER_LIMIT_DISTRIBUTION":{"CATEGORY":[],"MIN_VALUE":[],"P10_VALUE":[],"P25_VALUE":[],"MEDIAN_VALUE":[],"P75_VALUE":[],"P90_VALUE":[],"MAX_VALUE":[]},"UPPER_LIMIT_DISTRIBUTION":{"CATEGORY":[],"MIN_VALUE":[],"P10_VALUE":[],"P25_VALUE":[],"MEDIAN_VALUE":[],"P75_VALUE":[],"P90_VALUE":[],"MAX_VALUE":[]},"VALUES_RELATIVE_TO_NORM":{"CONCEPT_NAME":[],"COUNT_VALUE":[]}}
