{"PREVALENCE_BY_GENDER_AGE_YEAR":{"TRELLIS_NAME":["0-9","0-9","0-9","0-9","0-9","0-9","0-9","0-9","0-9","0-9","0-9","0-9"],"SERIES_NAME":["FEMALE","MALE","FEMALE","MALE","FEMALE","MALE","MALE","FEMALE","FEMALE","MALE","FEMALE","MALE"],"X_CALENDAR_YEAR":[2015,2015,2016,2016,2017,2017,2018,2018,2019,2019,2020,2020],"Y_PREVALENCE_1000PP":[32.17456,41.03448,35.74425,36.29417,29.20615,30.53435,32.27239,28.59316,27.17079,32.57692,29.20723,30.09079]},"PREVALENCE_BY_MONTH":{"X_CALENDAR_MONTH":[201812,201908,201702,201712,201605,201510,201802,201607,201705,201602,201806,201804,201902,201601,201906,202007,201508,201803,201604,201507,201711,201512,202003,201505,201709,201912,201907,201903,201704,201904,201710,202006,201911,201603,201701,201611,202001,201707,201901,201808,201511,201608,201506,202004,201509,201910,201606,201905,201801,201612,201810,202005,201809,201609,201703,201706,201805,201811,201909,201610,202002,201708,201807],"Y_PREVALENCE_1000PP":[2.60664,4.13988,2.56564,2.60912,4.13664,7.97408,2.28294,4.45358,2.74531,4.4843,2.32592,2.36322,3.15081,7.39405,2.59714,10.91476,9.90437,2.61614,4.28816,20.43906,2.23996,6.03348,5.85977,13.92111,2.17439,6.13587,3.30203,3.0573,2.18288,3.16515,2.67681,14.26256,5.0347,6.8708,3.27473,4.01232,5.08259,2.02293,2.21966,2.83657,9.19283,5.76,6.62983,7.64597,9.08362,5.53598,3.94477,3.022,2.31157,3.125,2.87857,9.34829,2.84516,3.86336,3.03852,2.05105,1.93632,2.03188,4.55714,2.45821,4.91177,2.47237,2.75063]},"FREQUENCY_DISTRIBUTION":{"Y_NUM_PERSONS":2,"X_COUNT":1},"MEASUREMENTS_BY_TYPE":{"CONCEPT_NAME":"EHR","COUNT_VALUE":2089},"AGE_AT_FIRST_OCCURRENCE":{"CATEGORY":["FEMALE","MALE"],"MIN_VALUE":[0,0],"P10_VALUE":[0,0],"P25_VALUE":[0,0],"MEDIAN_VALUE":[0,0],"P75_VALUE":[0,0],"P90_VALUE":[0,0],"MAX_VALUE":[0,0]},"RECORDS_BY_UNIT":{"CONCEPT_NAME":"No matching concept","COUNT_VALUE":2089},"MEASUREMENT_VALUE_DISTRIBUTION":{"CATEGORY":"No matching concept","MIN_VALUE":0,"P10_VALUE":1.36363636363636,"P25_VALUE":1.575,"MEDIAN_VALUE":1.84210526315789,"P75_VALUE":2.15,"P90_VALUE":2.5,"MAX_VALUE":150},"LOWER_LIMIT_DISTRIBUTION":{"CATEGORY":[],"MIN_VALUE":[],"P10_VALUE":[],"P25_VALUE":[],"MEDIAN_VALUE":[],"P75_VALUE":[],"P90_VALUE":[],"MAX_VALUE":[]},"UPPER_LIMIT_DISTRIBUTION":{"CATEGORY":[],"MIN_VALUE":[],"P10_VALUE":[],"P25_VALUE":[],"MEDIAN_VALUE":[],"P75_VALUE":[],"P90_VALUE":[],"MAX_VALUE":[]},"VALUES_RELATIVE_TO_NORM":{"CONCEPT_NAME":[],"COUNT_VALUE":[]}}
