{"PREVALENCE_BY_GENDER_AGE_YEAR":{"TRELLIS_NAME":["0-9","0-9","0-9","0-9","0-9","0-9","0-9","0-9","0-9","0-9","0-9","0-9"],"SERIES_NAME":["MALE","FEMALE","MALE","FEMALE","FEMALE","MALE","FEMALE","MALE","MALE","FEMALE","FEMALE","MALE"],"X_CALENDAR_YEAR":[2015,2015,2016,2016,2017,2017,2018,2018,2019,2019,2020,2020],"Y_PREVALENCE_1000PP":[21.72414,18.49112,22.76345,18.96291,20.04039,19.75752,17.94677,20.28127,23.24934,18.54514,19.19332,28.79377]},"PREVALENCE_BY_MONTH":{"X_CALENDAR_MONTH":[201610,201602,201801,202002,201607,201510,201911,201605,201701,201612,201808,201708,202001,201907,201709,201809,201908,201706,201807,201903,201606,201905,201710,201609,202005,201702,202004,201703,202006,202003,201611,201603,201712,201601,201810,202007,201812,201804,201901,201509,201910,201704,201909,201802,201512,201806,201811,201507,201912,201904,201604,201711,201608,201902,201803,201508,201705,201906,201805,201707,201511],"Y_PREVALENCE_1000PP":[3.14651,5.48082,2.59176,7.45861,3.19744,4.73461,4.76255,3.20256,2.41296,3.125,2.54564,2.1815,7.94155,4.74667,2.39182,2.17131,3.05044,2.88666,2.17155,3.0573,2.58876,3.58863,2.53593,2.94835,8.01282,3.16429,6.95088,2.95639,12.96596,9.29481,2.98591,4.03286,2.11551,4.68891,2.12105,12.47401,3.15956,2.21999,3.28839,8.01496,3.90035,3.0722,3.62234,2.35428,6.61736,2.83471,2.96968,6.81302,6.42805,2.88587,4.85992,2.51995,2.88,2.55471,1.83837,8.19672,2.27469,4.29528,2.58176,3.07185,9.19283]},"FREQUENCY_DISTRIBUTION":{"Y_NUM_PERSONS":[1,1,0,0,0,0,0,0,0,0,0,0,0,0,0,0,0,0,0,0,0,0,0,0,0,0,0,0,0,0,0,0,0,0,0,0,0,0,0,0,0,0,0,0],"X_COUNT":[1,2,3,4,5,6,7,8,9,10,11,12,13,14,15,16,17,18,19,20,21,22,23,24,25,26,27,28,29,30,31,34,36,37,39,40,43,54,56,60,61,64,71,77]},"MEASUREMENTS_BY_TYPE":{"CONCEPT_NAME":"EHR","COUNT_VALUE":6491},"AGE_AT_FIRST_OCCURRENCE":{"CATEGORY":["MALE","FEMALE"],"MIN_VALUE":[0,0],"P10_VALUE":[0,0],"P25_VALUE":[0,0],"MEDIAN_VALUE":[0,0],"P75_VALUE":[0,0],"P90_VALUE":[0,0],"MAX_VALUE":[1,1]},"RECORDS_BY_UNIT":{"CONCEPT_NAME":"No matching concept","COUNT_VALUE":6491},"MEASUREMENT_VALUE_DISTRIBUTION":{"CATEGORY":"No matching concept","MIN_VALUE":2,"P10_VALUE":79,"P25_VALUE":127,"MEDIAN_VALUE":230,"P75_VALUE":367,"P90_VALUE":509,"MAX_VALUE":1946},"LOWER_LIMIT_DISTRIBUTION":{"CATEGORY":[],"MIN_VALUE":[],"P10_VALUE":[],"P25_VALUE":[],"MEDIAN_VALUE":[],"P75_VALUE":[],"P90_VALUE":[],"MAX_VALUE":[]},"UPPER_LIMIT_DISTRIBUTION":{"CATEGORY":[],"MIN_VALUE":[],"P10_VALUE":[],"P25_VALUE":[],"MEDIAN_VALUE":[],"P75_VALUE":[],"P90_VALUE":[],"MAX_VALUE":[]},"VALUES_RELATIVE_TO_NORM":{"CONCEPT_NAME":[],"COUNT_VALUE":[]}}
