{"PREVALENCE_BY_GENDER_AGE_YEAR":{"TRELLIS_NAME":["0-9","0-9","0-9","0-9","0-9","0-9","0-9","0-9","0-9","0-9","0-9","0-9"],"SERIES_NAME":["FEMALE","MALE","FEMALE","MALE","FEMALE","MALE","MALE","FEMALE","FEMALE","MALE","MALE","FEMALE"],"X_CALENDAR_YEAR":[2015,2015,2016,2016,2017,2017,2018,2018,2019,2019,2020,2020],"Y_PREVALENCE_1000PP":[178.62426,195.17241,185.26598,198.98122,111.07659,130.36971,122.13175,102.50951,103.22024,127.24488,126.32944,112.65647]},"PREVALENCE_BY_MONTH":{"X_CALENDAR_MONTH":[201706,201606,202004,201911,201804,201912,201802,201604,201909,201704,202001,201904,201811,201609,201711,201906,201907,201701,201510,202002,201607,201905,201903,201601,201612,201806,201809,201512,201812,201709,201901,201801,201506,201605,201610,201509,201805,201511,201708,201505,201702,201703,202006,201908,201810,201608,201910,201705,202003,201507,202005,201707,201808,202007,201508,201712,201710,201902,201602,201603,201803,201611,201807],"Y_PREVALENCE_1000PP":[9.87542,27.73669,34.05931,21.49952,10.02578,26.44266,9.27445,25.72899,15.30731,10.75269,24.30114,11.63657,10.70647,23.07849,8.67983,14.48407,15.47828,19.21751,47.34613,24.19502,23.98082,12.37133,11.44305,36.7899,20.08929,9.59442,10.48218,39.50954,13.82306,8.69754,12.24926,9.87672,44.1989,24.9533,18.6824,56.10473,7.81698,43.94619,9.81675,48.7239,17.87394,13.38589,45.05673,18.08476,10.30225,24.85333,20.00503,9.96157,28.69267,53.74716,40.3312,10.48925,11.78268,55.61331,65.23224,9.44926,10.00282,12.00715,32.05448,32.71098,8.83829,18.66194,10.56822]},"FREQUENCY_DISTRIBUTION":{"Y_NUM_PERSONS":[7,2,1,1,1,1,1,0,0,0,0,0,0,0,0,0,0,0,0,0,0,0,0,0,0,0,0,0,0,0,0,0,0,0,0,0,0,0,0,0,0,0,0,0,0,0,0,0,0,0,0,0,0,0,0,0,0,0,0,0,0,0,0,0,0,0,0],"X_COUNT":[1,2,3,4,5,6,7,8,9,10,11,12,13,14,15,16,17,18,19,20,22,23,24,25,26,27,28,29,30,31,32,33,34,35,36,37,38,39,40,42,43,44,45,46,47,49,50,51,53,54,55,63,64,67,70,72,73,77,81,86,96,102,106,112,113,124,125]},"MEASUREMENTS_BY_TYPE":{"CONCEPT_NAME":"EHR","COUNT_VALUE":24893},"AGE_AT_FIRST_OCCURRENCE":{"CATEGORY":["MALE","FEMALE"],"MIN_VALUE":[0,0],"P10_VALUE":[0,0],"P25_VALUE":[0,0],"MEDIAN_VALUE":[0,0],"P75_VALUE":[0,0],"P90_VALUE":[0,0],"MAX_VALUE":[1,1]},"RECORDS_BY_UNIT":{"CONCEPT_NAME":"No matching concept","COUNT_VALUE":24893},"MEASUREMENT_VALUE_DISTRIBUTION":{"CATEGORY":"No matching concept","MIN_VALUE":0,"P10_VALUE":15.4,"P25_VALUE":16.2,"MEDIAN_VALUE":17.3,"P75_VALUE":18.8,"P90_VALUE":21.1,"MAX_VALUE":63.3},"LOWER_LIMIT_DISTRIBUTION":{"CATEGORY":[],"MIN_VALUE":[],"P10_VALUE":[],"P25_VALUE":[],"MEDIAN_VALUE":[],"P75_VALUE":[],"P90_VALUE":[],"MAX_VALUE":[]},"UPPER_LIMIT_DISTRIBUTION":{"CATEGORY":[],"MIN_VALUE":[],"P10_VALUE":[],"P25_VALUE":[],"MEDIAN_VALUE":[],"P75_VALUE":[],"P90_VALUE":[],"MAX_VALUE":[]},"VALUES_RELATIVE_TO_NORM":{"CONCEPT_NAME":[],"COUNT_VALUE":[]}}
