{"PREVALENCE_BY_GENDER_AGE_YEAR":{"TRELLIS_NAME":["0-9","0-9","0-9","0-9","0-9","0-9","0-9","0-9","0-9","0-9","0-9","0-9"],"SERIES_NAME":["MALE","FEMALE","MALE","FEMALE","MALE","FEMALE","FEMALE","MALE","MALE","FEMALE","FEMALE","MALE"],"X_CALENDAR_YEAR":[2015,2015,2016,2016,2017,2017,2018,2018,2019,2019,2020,2020],"Y_PREVALENCE_1000PP":[7.93103,6.6568,10.02865,6.71254,8.83101,7.30154,9.58175,12.28719,11.69428,7.04428,8.06676,11.67315]},"PREVALENCE_BY_MONTH":{"X_CALENDAR_MONTH":[201907,201901,201912,201908,201605,201809,202001,202003,201607,201909,201709,201905,201904,201802,201707,201606,201509,201701,201708,201611,201903,201609,201808,201510,201602,201604,202006,201508,201810,201711,201803,202004,201703,202005,201805,201910,202002,201801,201612,201906,201807,201811,201601,201603,202007,201706,201902,201712,201804,201806,201710,201704,201610,201702,201511,201512,201911,201812,201608],"Y_PREVALENCE_1000PP":[1.7542,0.65768,2.33747,1.19839,1.20096,0.89847,2.5413,2.62679,0.91355,0.7011,0.65232,0.84994,0.55856,1.07013,1.04892,0.73964,2.67165,0.77559,0.72717,1.02641,0.87352,1.32168,0.65459,1.49514,1.66085,1.57233,4.21394,3.07377,0.98477,0.69999,1.27271,3.01205,1.14971,1.86966,1.07573,2.1389,2.91068,0.98067,0.71429,1.89791,0.86862,1.17224,1.44274,1.49365,5.19751,0.98754,1.1922,0.98724,1.28903,1.16296,0.98619,0.88932,0.88496,0.94073,2.9148,1.3624,1.63288,1.02686,1.06667]},"FREQUENCY_DISTRIBUTION":{"Y_NUM_PERSONS":[0,0,0,0,0,0,0,0,0,0,0,0,0,0,0,0,0,0,0,0,0,0,0,0,0,0,0],"X_COUNT":[2,4,6,8,10,11,12,14,16,18,20,22,24,26,28,30,32,36,42,44,46,48,54,56,62,70,88]},"MEASUREMENTS_BY_TYPE":{"CONCEPT_NAME":"EHR","COUNT_VALUE":5437},"AGE_AT_FIRST_OCCURRENCE":{"CATEGORY":["FEMALE","MALE"],"MIN_VALUE":[0,0],"P10_VALUE":[0,0],"P25_VALUE":[0,0],"MEDIAN_VALUE":[0,0],"P75_VALUE":[0,0],"P90_VALUE":[0,0],"MAX_VALUE":[1,1]},"RECORDS_BY_UNIT":{"CONCEPT_NAME":"No matching concept","COUNT_VALUE":5437},"MEASUREMENT_VALUE_DISTRIBUTION":{"CATEGORY":"No matching concept","MIN_VALUE":9,"P10_VALUE":14.6,"P25_VALUE":17.9,"MEDIAN_VALUE":30.1,"P75_VALUE":59,"P90_VALUE":76,"MAX_VALUE":100},"LOWER_LIMIT_DISTRIBUTION":{"CATEGORY":[],"MIN_VALUE":[],"P10_VALUE":[],"P25_VALUE":[],"MEDIAN_VALUE":[],"P75_VALUE":[],"P90_VALUE":[],"MAX_VALUE":[]},"UPPER_LIMIT_DISTRIBUTION":{"CATEGORY":[],"MIN_VALUE":[],"P10_VALUE":[],"P25_VALUE":[],"MEDIAN_VALUE":[],"P75_VALUE":[],"P90_VALUE":[],"MAX_VALUE":[]},"VALUES_RELATIVE_TO_NORM":{"CONCEPT_NAME":[],"COUNT_VALUE":[]}}
