{"PREVALENCE_BY_GENDER_AGE_YEAR":{"TRELLIS_NAME":["0-9","0-9","0-9","0-9","0-9","0-9","0-9","0-9","0-9","0-9","0-9","0-9"],"SERIES_NAME":["MALE","FEMALE","MALE","FEMALE","MALE","FEMALE","FEMALE","MALE","FEMALE","MALE","FEMALE","MALE"],"X_CALENDAR_YEAR":[2015,2015,2016,2016,2017,2017,2018,2018,2019,2019,2020,2020],"Y_PREVALENCE_1000PP":[5.17241,5.91716,3.1837,3.85971,4.7897,3.57309,5.32319,4.58919,3.73778,5.98636,6.67594,11.15435]},"PREVALENCE_BY_MONTH":{"X_CALENDAR_MONTH":[201703,201509,201806,201801,201810,201906,202005,201912,201711,201802,202002,201911,201706,201907,201702,201812,201510,202006,201608,201903,202001,201910,201712,202004,201607,202003,201804,201809,201512,201805,201511,201811],"Y_PREVALENCE_1000PP":[0.90334,1.60299,0.65416,0.56038,0.60601,0.79912,1.60256,1.60701,0.48999,0.42805,2.00109,1.22466,0.45579,1.13507,0.59865,0.7109,1.49514,3.56564,0.64,0.52411,1.58831,1.00654,0.70517,3.47544,0.68517,3.6371,0.71613,0.52411,1.16777,0.57372,2.24215,0.4689]},"FREQUENCY_DISTRIBUTION":{"Y_NUM_PERSONS":[0,0,0,0,0,0,0,0,0,0,0,0,0,0,0,0,0,0,0,0,0,0,0,0,0,0,0,0,0,0,0,0,0,0,0,0,0,0,0,0],"X_COUNT":[1,2,3,4,5,6,7,8,9,10,11,12,13,14,15,16,17,18,19,20,21,22,24,25,26,29,30,31,33,34,37,38,39,41,44,58,61,63,68,73]},"MEASUREMENTS_BY_TYPE":{"CONCEPT_NAME":"EHR","COUNT_VALUE":2851},"AGE_AT_FIRST_OCCURRENCE":{"CATEGORY":["FEMALE","MALE"],"MIN_VALUE":[0,0],"P10_VALUE":[0,0],"P25_VALUE":[0,0],"MEDIAN_VALUE":[0,0],"P75_VALUE":[0,0],"P90_VALUE":[0,0],"MAX_VALUE":[1,1]},"RECORDS_BY_UNIT":{"CONCEPT_NAME":"No matching concept","COUNT_VALUE":2851},"MEASUREMENT_VALUE_DISTRIBUTION":{"CATEGORY":"No matching concept","MIN_VALUE":0.3,"P10_VALUE":0.7,"P25_VALUE":0.7,"MEDIAN_VALUE":0.8,"P75_VALUE":0.9,"P90_VALUE":1,"MAX_VALUE":2.4},"LOWER_LIMIT_DISTRIBUTION":{"CATEGORY":[],"MIN_VALUE":[],"P10_VALUE":[],"P25_VALUE":[],"MEDIAN_VALUE":[],"P75_VALUE":[],"P90_VALUE":[],"MAX_VALUE":[]},"UPPER_LIMIT_DISTRIBUTION":{"CATEGORY":[],"MIN_VALUE":[],"P10_VALUE":[],"P25_VALUE":[],"MEDIAN_VALUE":[],"P75_VALUE":[],"P90_VALUE":[],"MAX_VALUE":[]},"VALUES_RELATIVE_TO_NORM":{"CONCEPT_NAME":[],"COUNT_VALUE":[]}}
