{"PREVALENCE_BY_GENDER_AGE_YEAR":{"TRELLIS_NAME":["0-9","0-9","0-9","0-9","0-9","0-9","0-9","0-9","0-9","0-9","0-9","0-9"],"SERIES_NAME":["MALE","FEMALE","FEMALE","MALE","FEMALE","MALE","MALE","FEMALE","FEMALE","MALE","MALE","FEMALE"],"X_CALENDAR_YEAR":[2015,2015,2016,2016,2017,2017,2018,2018,2019,2019,2020,2020],"Y_PREVALENCE_1000PP":[29.31034,22.92899,21.48011,28.33493,19.88504,22.15237,25.0185,16.12167,16.24497,21.71795,28.27497,26.70376]},"PREVALENCE_BY_MONTH":{"X_CALENDAR_MONTH":[201907,201602,201805,202002,201509,201711,201912,201906,202007,201511,201703,201601,201801,201604,201908,201812,201708,201902,201702,201507,201710,201610,202006,201910,201512,201605,201603,202003,201803,201810,201809,201608,202004,201712,201804,201811,201901,201612,202001,201704,201609,201909,201705,201911,202005,201904,201510,201905,201706,201707,201606,201709,201903,201807,201806,201611,201506,201607,201508,201701,201808,201802],"Y_PREVALENCE_1000PP":[3.30203,6.64341,2.07975,8.18628,9.35079,1.88996,6.28196,2.79692,10.91476,7.84753,3.20276,5.59062,2.10143,3.28759,2.50572,1.89573,1.7452,2.04377,2.56564,9.84103,2.11327,1.76991,13.29011,3.5229,4.28182,3.46944,4.77969,8.89068,2.12119,1.51504,2.4708,3.2,8.57275,2.11551,2.21999,1.56299,1.89083,2.58929,6.82973,2.02118,3.55836,2.57069,2.27469,4.21826,8.01282,1.39639,5.23299,1.69988,1.82315,2.09785,2.46548,2.02943,1.22292,2.09917,3.12545,2.98591,9.94475,3.9968,11.27049,3.10238,1.60012,2.06892]},"FREQUENCY_DISTRIBUTION":{"Y_NUM_PERSONS":[1,0,0,0,0,0,0,0,0,0,0,0,0,0,0,0,0,0,0,0,0,0,0,0,0,0,0,0,0,0,0,0,0,0,0,0,0,0,0,0,0,0,0,0,0],"X_COUNT":[1,2,3,4,5,6,7,8,9,10,11,12,13,14,15,16,17,18,19,20,21,22,23,24,25,26,27,28,29,30,31,32,33,34,36,39,40,42,43,47,54,66,68,74,85]},"MEASUREMENTS_BY_TYPE":{"CONCEPT_NAME":"EHR","COUNT_VALUE":5432},"AGE_AT_FIRST_OCCURRENCE":{"CATEGORY":["FEMALE","MALE"],"MIN_VALUE":[0,0],"P10_VALUE":[0,0],"P25_VALUE":[0,0],"MEDIAN_VALUE":[0,0],"P75_VALUE":[0,0],"P90_VALUE":[0,0],"MAX_VALUE":[1,1]},"RECORDS_BY_UNIT":{"CONCEPT_NAME":"No matching concept","COUNT_VALUE":5432},"MEASUREMENT_VALUE_DISTRIBUTION":{"CATEGORY":"No matching concept","MIN_VALUE":0,"P10_VALUE":2,"P25_VALUE":3.4,"MEDIAN_VALUE":4.7,"P75_VALUE":6.1,"P90_VALUE":8,"MAX_VALUE":250},"LOWER_LIMIT_DISTRIBUTION":{"CATEGORY":[],"MIN_VALUE":[],"P10_VALUE":[],"P25_VALUE":[],"MEDIAN_VALUE":[],"P75_VALUE":[],"P90_VALUE":[],"MAX_VALUE":[]},"UPPER_LIMIT_DISTRIBUTION":{"CATEGORY":[],"MIN_VALUE":[],"P10_VALUE":[],"P25_VALUE":[],"MEDIAN_VALUE":[],"P75_VALUE":[],"P90_VALUE":[],"MAX_VALUE":[]},"VALUES_RELATIVE_TO_NORM":{"CONCEPT_NAME":[],"COUNT_VALUE":[]}}
