{"PREVALENCE_BY_GENDER_AGE_YEAR":{"TRELLIS_NAME":["0-9","0-9","0-9","0-9","0-9","0-9","0-9","0-9","0-9","0-9","0-9","0-9"],"SERIES_NAME":["MALE","FEMALE","FEMALE","MALE","MALE","FEMALE","MALE","FEMALE","FEMALE","MALE","FEMALE","MALE"],"X_CALENDAR_YEAR":[2015,2015,2016,2016,2017,2017,2018,2018,2019,2019,2020,2020],"Y_PREVALENCE_1000PP":[63.10345,54.36391,52.02215,56.82904,58.07514,49.09119,60.10363,52.01521,49.02243,59.16748,52.29485,63.55383]},"PREVALENCE_BY_MONTH":{"X_CALENDAR_MONTH":[201509,202002,201507,201805,201902,201812,201901,201712,201910,201612,201803,201702,201804,201808,201911,201610,201707,201909,201603,201506,201608,201508,201807,201512,201611,201801,201605,201604,201703,201906,201511,201609,201908,201711,201912,201802,202004,201905,201907,201607,201505,201710,202003,201701,201806,201709,201708,201810,201809,201510,201903,202005,201706,202007,201704,201904,201606,201602,202006,201811,201705,201601,202001],"Y_PREVALENCE_1000PP":[21.10606,16.7364,26.49508,6.23924,7.32351,7.26698,6.33015,6.84014,10.94615,5.98214,6.08075,7.61139,6.80321,7.41872,11.5662,6.88299,6.1437,10.86703,11.94922,16.57459,9.81333,26.29781,6.44227,14.59712,6.99823,6.30429,8.67361,9.5769,7.63735,9.09,17.93722,9.25173,10.24077,6.78986,14.02484,5.7787,18.76738,8.12164,10.00929,9.47813,16.2413,6.12849,17.37725,5.94623,5.88748,5.79836,6.1082,6.89342,6.21444,16.94493,6.72607,25.64103,5.77332,28.06653,6.62948,7.26122,8.50592,10.62946,29.82172,6.72085,6.35344,14.42741,14.61245]},"FREQUENCY_DISTRIBUTION":{"Y_NUM_PERSONS":[3,2,2,2,1,1,1,1,1,1,1,1,1,0,0,0,0,0,0,0,0,0,0,0,0,0,0,0,0,0,0,0,0,0,0,0,0,0,0,0,0,0,0,0,0,0,0,0,0,0,0,0,0,0,0,0,0,0,0,0,0,0,0,0,0,0,0,0,0,0,0,0,0,0,0,0,0,0,0,0,0,0,0,0,0,0,0,0,0,0,0,0,0,0,0,0,0,0],"X_COUNT":[1,2,3,4,5,6,7,8,9,10,11,12,13,14,15,16,17,18,19,20,21,22,23,24,25,26,27,28,29,30,31,32,33,34,35,36,37,38,39,40,41,42,43,44,45,46,47,48,49,50,51,52,53,54,55,56,57,58,59,60,61,62,63,64,65,66,67,68,69,71,72,73,74,75,77,78,81,82,84,89,91,93,97,100,101,102,105,110,111,112,114,122,136,142,146,156,160,178]},"MEASUREMENTS_BY_TYPE":{"CONCEPT_NAME":"EHR","COUNT_VALUE":31129},"AGE_AT_FIRST_OCCURRENCE":{"CATEGORY":["FEMALE","MALE"],"MIN_VALUE":[0,0],"P10_VALUE":[0,0],"P25_VALUE":[0,0],"MEDIAN_VALUE":[0,0],"P75_VALUE":[0,0],"P90_VALUE":[0,0],"MAX_VALUE":[1,1]},"RECORDS_BY_UNIT":{"CONCEPT_NAME":"No matching concept","COUNT_VALUE":31129},"MEASUREMENT_VALUE_DISTRIBUTION":{"CATEGORY":"No matching concept","MIN_VALUE":1,"P10_VALUE":133,"P25_VALUE":136,"MEDIAN_VALUE":139,"P75_VALUE":142,"P90_VALUE":146,"MAX_VALUE":180},"LOWER_LIMIT_DISTRIBUTION":{"CATEGORY":[],"MIN_VALUE":[],"P10_VALUE":[],"P25_VALUE":[],"MEDIAN_VALUE":[],"P75_VALUE":[],"P90_VALUE":[],"MAX_VALUE":[]},"UPPER_LIMIT_DISTRIBUTION":{"CATEGORY":[],"MIN_VALUE":[],"P10_VALUE":[],"P25_VALUE":[],"MEDIAN_VALUE":[],"P75_VALUE":[],"P90_VALUE":[],"MAX_VALUE":[]},"VALUES_RELATIVE_TO_NORM":{"CONCEPT_NAME":[],"COUNT_VALUE":[]}}
