{"PREVALENCE_BY_GENDER_AGE_YEAR":{"TRELLIS_NAME":["0-9","0-9","0-9","0-9","0-9","0-9","0-9","0-9","0-9","0-9","0-9","0-9"],"SERIES_NAME":["MALE","FEMALE","MALE","FEMALE","FEMALE","MALE","MALE","FEMALE","MALE","FEMALE","MALE","FEMALE"],"X_CALENDAR_YEAR":[2015,2015,2016,2016,2017,2017,2018,2018,2019,2019,2020,2020],"Y_PREVALENCE_1000PP":[195.17241,178.62426,198.98122,185.26598,111.07659,130.36971,122.13175,102.50951,127.24488,103.22024,126.32944,112.65647]},"PREVALENCE_BY_MONTH":{"X_CALENDAR_MONTH":[201902,202002,201604,202003,201707,201803,201711,201610,201811,202007,202006,201507,202004,201912,201607,201807,201704,201905,201911,201710,201701,201910,201509,201608,201708,201802,201505,201709,201812,201903,201909,201702,201606,201809,201712,201609,201705,201801,201506,201508,201904,201703,201602,201706,201806,201510,201810,201511,201907,201804,201603,201808,201611,201601,201805,202001,201906,201901,201605,201612,201512,201908,202005],"Y_PREVALENCE_1000PP":[12.00715,24.19502,25.72899,28.69267,10.48925,8.83829,8.67983,18.6824,10.70647,55.61331,45.05673,53.74716,34.05931,26.44266,23.98082,10.56822,10.75269,12.37133,21.49952,10.00282,19.21751,20.00503,56.10473,24.85333,9.81675,9.27445,48.7239,8.69754,13.82306,11.44305,15.30731,17.87394,27.73669,10.48218,9.44926,23.07849,9.96157,9.87672,44.1989,65.23224,11.63657,13.38589,32.05448,9.87542,9.59442,47.34613,10.30225,43.94619,15.47828,10.02578,32.71098,11.78268,18.66194,36.7899,7.81698,24.30114,14.48407,12.24926,24.9533,20.08929,39.50954,18.08476,40.3312]},"FREQUENCY_DISTRIBUTION":{"Y_NUM_PERSONS":[7,2,1,1,1,1,1,0,0,0,0,0,0,0,0,0,0,0,0,0,0,0,0,0,0,0,0,0,0,0,0,0,0,0,0,0,0,0,0,0,0,0,0,0,0,0,0,0,0,0,0,0,0,0,0,0,0,0,0,0,0,0,0,0,0,0,0],"X_COUNT":[1,2,3,4,5,6,7,8,9,10,11,12,13,14,15,16,17,18,19,20,22,23,24,25,26,27,28,29,30,31,32,33,34,35,36,37,38,39,40,42,43,44,45,46,47,49,50,51,53,54,55,63,64,67,70,72,73,77,81,86,96,102,106,112,113,124,126]},"MEASUREMENTS_BY_TYPE":{"CONCEPT_NAME":"EHR","COUNT_VALUE":24903},"AGE_AT_FIRST_OCCURRENCE":{"CATEGORY":["MALE","FEMALE"],"MIN_VALUE":[0,0],"P10_VALUE":[0,0],"P25_VALUE":[0,0],"MEDIAN_VALUE":[0,0],"P75_VALUE":[0,0],"P90_VALUE":[0,0],"MAX_VALUE":[1,1]},"RECORDS_BY_UNIT":{"CONCEPT_NAME":"No matching concept","COUNT_VALUE":24903},"MEASUREMENT_VALUE_DISTRIBUTION":{"CATEGORY":"No matching concept","MIN_VALUE":11.9,"P10_VALUE":85.7,"P25_VALUE":91.7,"MEDIAN_VALUE":101.6,"P75_VALUE":106.9,"P90_VALUE":112.1,"MAX_VALUE":914.9},"LOWER_LIMIT_DISTRIBUTION":{"CATEGORY":[],"MIN_VALUE":[],"P10_VALUE":[],"P25_VALUE":[],"MEDIAN_VALUE":[],"P75_VALUE":[],"P90_VALUE":[],"MAX_VALUE":[]},"UPPER_LIMIT_DISTRIBUTION":{"CATEGORY":[],"MIN_VALUE":[],"P10_VALUE":[],"P25_VALUE":[],"MEDIAN_VALUE":[],"P75_VALUE":[],"P90_VALUE":[],"MAX_VALUE":[]},"VALUES_RELATIVE_TO_NORM":{"CONCEPT_NAME":[],"COUNT_VALUE":[]}}
