{"PREVALENCE_BY_GENDER_AGE_YEAR":{"TRELLIS_NAME":["0-9","0-9","0-9","0-9","0-9","0-9","0-9","0-9","0-9","0-9","0-9","0-9"],"SERIES_NAME":["FEMALE","MALE","MALE","FEMALE","FEMALE","MALE","MALE","FEMALE","MALE","FEMALE","MALE","FEMALE"],"X_CALENDAR_YEAR":[2015,2015,2016,2016,2017,2017,2018,2018,2019,2019,2020,2020],"Y_PREVALENCE_1000PP":[13.31361,21.37931,21.48997,17.78822,12.11745,18.70977,25.0185,19.01141,21.85716,16.96377,30.09079,20.58414]},"PREVALENCE_BY_MONTH":{"X_CALENDAR_MONTH":[202005,201901,201909,201910,201709,202004,201807,201804,201508,201903,201801,201902,201611,201710,201805,201703,201702,201607,201803,201809,201603,201802,201906,201712,202006,201512,202002,202007,201907,201604,201511,201706,201606,201602,201812,201509,201704,201808,201708,201711,201610,201912,201608,201510,201811,201705,201507,201908,201612,201810,201605,201806,201609,201701,201601,201911,202003,201707,201905,201904,202001],"Y_PREVALENCE_1000PP":[7.47863,2.71292,2.68754,2.64217,1.73951,8.10936,1.59247,2.00516,4.78142,1.31027,2.03138,2.29924,2.79929,1.97239,1.8646,1.06759,1.11178,2.74066,2.12119,1.94669,3.28603,1.71221,2.29747,1.41034,7.45543,2.91942,5.45752,10.39501,1.7542,2.42996,4.03587,1.21544,2.95858,2.15911,2.44866,4.00748,2.18288,2.03651,1.67248,0.97998,1.57325,4.23667,3.62667,5.48218,1.64114,1.56875,10.59803,2.06994,0.98214,1.8938,3.20256,1.59907,2.44002,1.63737,3.60685,3.81004,5.45565,1.64831,2.45538,1.95494,4.28844]},"FREQUENCY_DISTRIBUTION":{"Y_NUM_PERSONS":[1,0,0,0,0,0,0,0,0,0],"X_COUNT":[1,2,3,4,5,6,7,8,9,10]},"MEASUREMENTS_BY_TYPE":{"CONCEPT_NAME":"EHR","COUNT_VALUE":1788},"AGE_AT_FIRST_OCCURRENCE":{"CATEGORY":["FEMALE","MALE"],"MIN_VALUE":[0,0],"P10_VALUE":[0,0],"P25_VALUE":[0,0],"MEDIAN_VALUE":[0,0],"P75_VALUE":[0,0],"P90_VALUE":[0,0],"MAX_VALUE":[1,1]},"RECORDS_BY_UNIT":{"CONCEPT_NAME":"No matching concept","COUNT_VALUE":1788},"MEASUREMENT_VALUE_DISTRIBUTION":{"CATEGORY":"No matching concept","MIN_VALUE":14.8,"P10_VALUE":31.5,"P25_VALUE":36.1,"MEDIAN_VALUE":41.7,"P75_VALUE":49.3,"P90_VALUE":56.7,"MAX_VALUE":103.8},"LOWER_LIMIT_DISTRIBUTION":{"CATEGORY":[],"MIN_VALUE":[],"P10_VALUE":[],"P25_VALUE":[],"MEDIAN_VALUE":[],"P75_VALUE":[],"P90_VALUE":[],"MAX_VALUE":[]},"UPPER_LIMIT_DISTRIBUTION":{"CATEGORY":[],"MIN_VALUE":[],"P10_VALUE":[],"P25_VALUE":[],"MEDIAN_VALUE":[],"P75_VALUE":[],"P90_VALUE":[],"MAX_VALUE":[]},"VALUES_RELATIVE_TO_NORM":{"CONCEPT_NAME":[],"COUNT_VALUE":[]}}
