{"PREVALENCE_BY_GENDER_AGE_YEAR":{"TRELLIS_NAME":["0-9","0-9","0-9","0-9","0-9","0-9","0-9","0-9","0-9","0-9","0-9","0-9"],"SERIES_NAME":["MALE","FEMALE","MALE","FEMALE","FEMALE","MALE","FEMALE","MALE","MALE","FEMALE","MALE","FEMALE"],"X_CALENDAR_YEAR":[2015,2015,2016,2016,2017,2017,2018,2018,2019,2019,2020,2020],"Y_PREVALENCE_1000PP":[6.55172,7.39645,8.4368,8.22286,9.01041,7.63359,8.06084,7.698,7.51775,6.75676,9.33852,10.8484]},"PREVALENCE_BY_MONTH":{"X_CALENDAR_MONTH":[201708,202005,201810,201605,201812,201611,201707,201702,201710,202001,201909,201701,201911,201904,201903,201803,201802,201612,201908,201602,201804,202006,201706,201711,201511,202007,201809,201801,202002,201806,201703,202004,201603,201604,201705,202003,201907,201805,201712,201606,201905,201811,201807,201901,201509,201709,201607,201510,201910,201512,201601,201808,201609,201608,201906,201610],"Y_PREVALENCE_1000PP":[0.4363,4.80769,0.75752,1.06752,0.55292,0.74648,1.42354,0.94073,0.56354,2.5413,1.05165,1.20648,1.76895,0.55856,0.69881,0.56565,0.49939,0.71429,0.87155,1.1626,0.42968,2.59319,0.83561,0.90998,2.01794,6.23701,0.74873,0.70048,2.00109,0.87222,0.90334,2.08526,1.79238,1.28645,0.54906,1.41443,1.23826,0.86059,0.56414,1.23274,1.32213,0.85964,0.79624,0.73989,2.40449,0.50736,1.82711,1.49514,2.01309,1.3624,1.08206,1.23645,1.22001,1.06667,0.79912,0.58997]},"FREQUENCY_DISTRIBUTION":{"Y_NUM_PERSONS":[0,0,0,0,0,0,0],"X_COUNT":[1,2,3,4,5,6,7]},"MEASUREMENTS_BY_TYPE":{"CONCEPT_NAME":"EHR","COUNT_VALUE":795},"AGE_AT_FIRST_OCCURRENCE":{"CATEGORY":["FEMALE","MALE"],"MIN_VALUE":[0,0],"P10_VALUE":[0,0],"P25_VALUE":[0,0],"MEDIAN_VALUE":[0,0],"P75_VALUE":[0,0],"P90_VALUE":[0,0],"MAX_VALUE":[1,1]},"RECORDS_BY_UNIT":{"CONCEPT_NAME":"No matching concept","COUNT_VALUE":795},"MEASUREMENT_VALUE_DISTRIBUTION":{"CATEGORY":"No matching concept","MIN_VALUE":1.87,"P10_VALUE":12.1,"P25_VALUE":15.98,"MEDIAN_VALUE":21.07,"P75_VALUE":25.76,"P90_VALUE":30.47,"MAX_VALUE":96},"LOWER_LIMIT_DISTRIBUTION":{"CATEGORY":[],"MIN_VALUE":[],"P10_VALUE":[],"P25_VALUE":[],"MEDIAN_VALUE":[],"P75_VALUE":[],"P90_VALUE":[],"MAX_VALUE":[]},"UPPER_LIMIT_DISTRIBUTION":{"CATEGORY":[],"MIN_VALUE":[],"P10_VALUE":[],"P25_VALUE":[],"MEDIAN_VALUE":[],"P75_VALUE":[],"P90_VALUE":[],"MAX_VALUE":[]},"VALUES_RELATIVE_TO_NORM":{"CONCEPT_NAME":[],"COUNT_VALUE":[]}}
