{"PREVALENCE_BY_GENDER_AGE_YEAR":{"TRELLIS_NAME":["0-9","0-9","0-9","0-9","0-9","0-9","0-9","0-9","0-9","0-9","0-9","0-9"],"SERIES_NAME":["FEMALE","MALE","FEMALE","MALE","FEMALE","MALE","MALE","FEMALE","MALE","FEMALE","FEMALE","MALE"],"X_CALENDAR_YEAR":[2015,2015,2016,2016,2017,2017,2018,2018,2019,2019,2020,2020],"Y_PREVALENCE_1000PP":[167.89941,188.27586,176.53969,191.34034,100.97872,121.98773,115.91414,94.90494,122.51149,98.76366,112.10014,126.32944]},"PREVALENCE_BY_MONTH":{"X_CALENDAR_MONTH":[201807,201702,201512,202004,201905,201805,201709,201510,201707,201904,201511,201811,201708,201704,201603,201809,201608,201606,201908,201710,201906,202005,201912,201506,201910,201711,201602,201505,202003,201609,201909,201611,201706,201507,201705,201612,202002,201712,201810,201808,201607,202007,201801,201610,201907,201703,201508,201701,201812,201806,201804,201911,201509,201802,201902,202006,201605,201901,201604,202001,201903,201601,201803],"Y_PREVALENCE_1000PP":[10.06153,16.67664,37.174,34.05931,10.86033,7.60184,8.33515,45.3526,9.51525,10.33327,41.03139,10.00313,9.08959,9.94422,30.76923,9.8832,23.57333,27.12032,18.08476,9.43928,13.68495,40.3312,26.44266,44.1989,19.87921,7.83984,30.06145,48.7239,28.69267,22.26515,15.30731,17.54222,8.20419,52.99016,9.33407,18.92857,24.19502,9.1672,9.77199,10.83715,23.52404,55.61331,9.66657,17.9941,15.47828,12.48255,63.52459,18.01103,12.48025,9.08562,9.38127,21.49952,52.63158,8.70372,11.49621,44.40843,24.01922,11.26274,25.15723,24.30114,10.48218,34.98647,7.98982]},"FREQUENCY_DISTRIBUTION":{"Y_NUM_PERSONS":[7,2,1,1,1,1,1,0,0,0,0,0,0,0,0,0,0,0,0,0,0,0,0,0,0,0,0,0,0,0,0,0,0,0,0,0,0,0,0,0,0,0,0,0,0,0,0,0,0,0,0,0,0,0,0,0,0,0,0,0,0,0,0,0,0,0,0,0],"X_COUNT":[1,2,3,4,5,6,7,8,9,10,11,12,13,14,15,16,17,18,19,20,21,22,23,24,25,26,27,28,29,30,31,32,33,34,35,36,37,38,39,40,41,42,43,45,47,48,49,50,53,54,55,58,60,63,64,65,67,70,71,72,75,76,92,97,102,107,109,113]},"MEASUREMENTS_BY_TYPE":{"CONCEPT_NAME":"EHR","COUNT_VALUE":22994},"AGE_AT_FIRST_OCCURRENCE":{"CATEGORY":["FEMALE","MALE"],"MIN_VALUE":[0,0],"P10_VALUE":[0,0],"P25_VALUE":[0,0],"MEDIAN_VALUE":[0,0],"P75_VALUE":[0,0],"P90_VALUE":[0,0],"MAX_VALUE":[1,1]},"RECORDS_BY_UNIT":{"CONCEPT_NAME":"No matching concept","COUNT_VALUE":22994},"MEASUREMENT_VALUE_DISTRIBUTION":{"CATEGORY":"No matching concept","MIN_VALUE":0,"P10_VALUE":0,"P25_VALUE":0,"MEDIAN_VALUE":0.07,"P75_VALUE":0.1,"P90_VALUE":0.22,"MAX_VALUE":484966},"LOWER_LIMIT_DISTRIBUTION":{"CATEGORY":[],"MIN_VALUE":[],"P10_VALUE":[],"P25_VALUE":[],"MEDIAN_VALUE":[],"P75_VALUE":[],"P90_VALUE":[],"MAX_VALUE":[]},"UPPER_LIMIT_DISTRIBUTION":{"CATEGORY":[],"MIN_VALUE":[],"P10_VALUE":[],"P25_VALUE":[],"MEDIAN_VALUE":[],"P75_VALUE":[],"P90_VALUE":[],"MAX_VALUE":[]},"VALUES_RELATIVE_TO_NORM":{"CONCEPT_NAME":[],"COUNT_VALUE":[]}}
