{"PREVALENCE_BY_GENDER_AGE_YEAR":{"TRELLIS_NAME":["0-9","0-9","0-9","0-9","0-9","0-9","0-9","0-9","0-9","0-9","0-9","0-9"],"SERIES_NAME":["MALE","FEMALE","MALE","FEMALE","MALE","FEMALE","FEMALE","MALE","MALE","FEMALE","FEMALE","MALE"],"X_CALENDAR_YEAR":[2015,2015,2016,2016,2017,2017,2018,2018,2019,2019,2020,2020],"Y_PREVALENCE_1000PP":[43.10345,30.32544,41.06972,35.24081,42.35893,37.59515,33.0038,39.2302,51.92816,40.82806,50.06954,61.4786]},"PREVALENCE_BY_MONTH":{"X_CALENDAR_MONTH":[201806,201803,201604,201611,201802,201610,201801,201904,201606,201512,201909,201708,201901,201509,201902,201710,201807,201712,201912,201804,201703,202006,201707,201507,201603,201601,202003,201905,201506,201903,201608,201702,201602,201809,201811,201910,201709,201706,201911,201810,201808,202001,202005,201711,202002,201510,201701,201805,201612,201704,201908,201906,201705,201609,201907,201508,201812,202007,201511,201605,202004,201607],"Y_PREVALENCE_1000PP":[4.57915,3.60602,6.43225,4.66548,3.63844,5.40806,4.13281,5.58555,4.93097,10.12067,10.51648,4.29029,4.76817,11.75528,5.02427,4.43787,4.34311,5.0067,13.58656,4.29676,6.24127,28.84927,5.01985,11.35503,8.36445,10.09919,17.17519,6.70507,7.73481,5.32844,7.25333,6.07201,7.80601,4.19287,4.92341,10.94615,4.05885,4.02613,11.5662,4.39361,4.72762,13.8183,24.30556,4.40991,16.91832,10.2168,4.99828,4.37464,4.73214,5.74016,10.13182,8.69044,4.70625,5.89671,8.56465,18.44262,4.2654,24.42827,13.90135,4.6704,19.23077,6.50908]},"FREQUENCY_DISTRIBUTION":{"Y_NUM_PERSONS":[2,1,1,1,1,1,1,0,0,0,0,0,0,0,0,0,0,0,0,0,0,0,0,0,0,0,0,0,0,0,0,0,0,0,0,0,0,0,0,0,0,0,0,0,0,0,0,0,0,0,0,0,0,0,0,0,0,0,0,0,0,0,0,0,0,0,0,0,0,0,0,0,0],"X_COUNT":[1,2,3,4,5,6,7,8,9,10,11,12,13,14,15,16,17,18,19,20,21,22,23,24,25,26,27,28,29,30,31,32,33,34,35,36,37,38,39,40,41,42,43,44,45,46,47,48,49,50,51,52,55,56,57,58,60,61,62,63,66,68,69,74,75,76,80,82,83,86,95,124,128]},"MEASUREMENTS_BY_TYPE":{"CONCEPT_NAME":"EHR","COUNT_VALUE":16496},"AGE_AT_FIRST_OCCURRENCE":{"CATEGORY":["MALE","FEMALE"],"MIN_VALUE":[0,0],"P10_VALUE":[0,0],"P25_VALUE":[0,0],"MEDIAN_VALUE":[0,0],"P75_VALUE":[0,0],"P90_VALUE":[0,0],"MAX_VALUE":[1,1]},"RECORDS_BY_UNIT":{"CONCEPT_NAME":"No matching concept","COUNT_VALUE":16496},"MEASUREMENT_VALUE_DISTRIBUTION":{"CATEGORY":"No matching concept","MIN_VALUE":2,"P10_VALUE":20,"P25_VALUE":29,"MEDIAN_VALUE":46,"P75_VALUE":68,"P90_VALUE":95,"MAX_VALUE":6829},"LOWER_LIMIT_DISTRIBUTION":{"CATEGORY":[],"MIN_VALUE":[],"P10_VALUE":[],"P25_VALUE":[],"MEDIAN_VALUE":[],"P75_VALUE":[],"P90_VALUE":[],"MAX_VALUE":[]},"UPPER_LIMIT_DISTRIBUTION":{"CATEGORY":[],"MIN_VALUE":[],"P10_VALUE":[],"P25_VALUE":[],"MEDIAN_VALUE":[],"P75_VALUE":[],"P90_VALUE":[],"MAX_VALUE":[]},"VALUES_RELATIVE_TO_NORM":{"CONCEPT_NAME":[],"COUNT_VALUE":[]}}
