{"PREVALENCE_BY_GENDER_AGE_YEAR":{"TRELLIS_NAME":["0-9","0-9","0-9","0-9","0-9","0-9","0-9","0-9","0-9","0-9","0-9","0-9"],"SERIES_NAME":["MALE","FEMALE","FEMALE","MALE","MALE","FEMALE","FEMALE","MALE","FEMALE","MALE","FEMALE","MALE"],"X_CALENDAR_YEAR":[2015,2015,2016,2016,2017,2017,2018,2018,2019,2019,2020,2020],"Y_PREVALENCE_1000PP":[187.58621,167.52959,175.86843,190.54441,121.38901,99.7359,94.44867,115.47002,98.76366,122.51149,112.3783,126.32944]},"PREVALENCE_BY_MONTH":{"X_CALENDAR_MONTH":[201806,201606,201910,201506,202002,201610,202004,201604,201612,202007,201708,201608,201911,201805,201601,201712,201706,201704,201611,201511,201711,201705,201907,201709,201507,201801,201707,201810,201905,201909,201902,201508,201808,201605,201812,201901,201509,201908,201607,201904,201802,201505,201807,201703,202006,201512,201603,201710,201510,201809,202001,201803,201609,201906,202005,201903,201602,201811,201804,202003,201912,201702,201701],"Y_PREVALENCE_1000PP":[9.08562,27.12032,19.87921,44.1989,24.19502,17.60079,34.05931,25.01429,18.83929,55.61331,9.08959,23.46667,21.49952,7.60184,34.98647,9.1672,8.05226,9.94422,17.3556,41.03139,7.83984,9.25563,15.47828,8.33515,52.99016,9.52648,9.3654,9.77199,10.86033,15.30731,11.49621,62.84153,10.76442,23.88578,12.48025,11.26274,52.36441,18.08476,23.40984,10.33327,8.70372,48.7239,9.98914,12.23618,44.73258,37.174,30.61987,9.36884,45.3526,9.8832,24.30114,8.06052,22.36682,13.68495,40.3312,10.48218,29.89537,9.92498,9.30965,28.69267,26.44266,16.42008,17.92485]},"FREQUENCY_DISTRIBUTION":{"Y_NUM_PERSONS":[7,2,1,1,1,1,1,0,0,0,0,0,0,0,0,0,0,0,0,0,0,0,0,0,0,0,0,0,0,0,0,0,0,0,0,0,0,0,0,0,0,0,0,0,0,0,0,0,0,0,0,0,0,0,0,0,0,0,0,0,0,0,0,0,0,0,0,0,0,0],"X_COUNT":[1,2,3,4,5,6,7,8,9,10,11,12,13,14,15,16,17,18,19,20,21,22,23,24,25,26,27,28,29,30,31,32,33,34,35,36,37,38,39,40,41,42,43,45,47,48,49,50,53,54,55,58,60,62,63,64,65,66,67,70,71,72,75,76,92,94,103,107,109,113]},"MEASUREMENTS_BY_TYPE":{"CONCEPT_NAME":"EHR","COUNT_VALUE":22925},"AGE_AT_FIRST_OCCURRENCE":{"CATEGORY":["MALE","FEMALE"],"MIN_VALUE":[0,0],"P10_VALUE":[0,0],"P25_VALUE":[0,0],"MEDIAN_VALUE":[0,0],"P75_VALUE":[0,0],"P90_VALUE":[0,0],"MAX_VALUE":[1,1]},"RECORDS_BY_UNIT":{"CONCEPT_NAME":"No matching concept","COUNT_VALUE":22925},"MEASUREMENT_VALUE_DISTRIBUTION":{"CATEGORY":"No matching concept","MIN_VALUE":0,"P10_VALUE":0.4,"P25_VALUE":0.7,"MEDIAN_VALUE":1.2,"P75_VALUE":1.8,"P90_VALUE":2.6,"MAX_VALUE":35.7},"LOWER_LIMIT_DISTRIBUTION":{"CATEGORY":[],"MIN_VALUE":[],"P10_VALUE":[],"P25_VALUE":[],"MEDIAN_VALUE":[],"P75_VALUE":[],"P90_VALUE":[],"MAX_VALUE":[]},"UPPER_LIMIT_DISTRIBUTION":{"CATEGORY":[],"MIN_VALUE":[],"P10_VALUE":[],"P25_VALUE":[],"MEDIAN_VALUE":[],"P75_VALUE":[],"P90_VALUE":[],"MAX_VALUE":[]},"VALUES_RELATIVE_TO_NORM":{"CONCEPT_NAME":[],"COUNT_VALUE":[]}}
