{"PREVALENCE_BY_GENDER_AGE_YEAR":{"TRELLIS_NAME":["0-9","0-9","0-9","0-9","0-9","0-9","0-9","0-9","0-9","0-9","0-9","0-9"],"SERIES_NAME":["FEMALE","MALE","FEMALE","MALE","FEMALE","MALE","FEMALE","MALE","FEMALE","MALE","FEMALE","MALE"],"X_CALENDAR_YEAR":[2015,2015,2016,2016,2017,2017,2018,2018,2019,2019,2020,2020],"Y_PREVALENCE_1000PP":[178.62426,195.17241,185.26598,198.98122,111.07659,130.36971,102.50951,122.13175,103.22024,127.24488,112.65647,126.32944]},"PREVALENCE_BY_MONTH":{"X_CALENDAR_MONTH":[201705,201505,201708,202005,201604,201507,201609,201606,201508,201607,201711,202001,201905,202003,201512,201906,201506,201603,201807,201909,201806,201912,201612,201703,201804,201904,201611,201803,201704,201509,201701,201702,201907,201903,201710,201811,202002,201808,201908,201911,201707,201910,202006,201709,201602,201601,201805,201801,201802,201901,201902,201810,201605,201510,201812,201706,201712,201809,201511,202007,201610,202004,201608],"Y_PREVALENCE_1000PP":[9.96157,48.7239,9.81675,40.3312,25.72899,53.74716,23.07849,27.73669,65.23224,23.98082,8.67983,24.30114,12.37133,28.69267,39.50954,14.48407,44.1989,32.71098,10.56822,15.30731,9.59442,26.44266,20.08929,13.38589,10.02578,11.63657,18.66194,8.83829,10.75269,56.10473,19.21751,17.87394,15.47828,11.44305,10.00282,10.70647,24.19502,11.78268,18.08476,21.49952,10.48925,20.00503,45.05673,8.69754,32.05448,36.7899,7.81698,9.87672,9.27445,12.24926,12.00715,10.30225,24.9533,47.34613,13.82306,9.87542,9.44926,10.48218,43.94619,55.61331,18.6824,34.05931,24.85333]},"FREQUENCY_DISTRIBUTION":{"Y_NUM_PERSONS":[7,2,1,1,1,1,1,0,0,0,0,0,0,0,0,0,0,0,0,0,0,0,0,0,0,0,0,0,0,0,0,0,0,0,0,0,0,0,0,0,0,0,0,0,0,0,0,0,0,0,0,0,0,0,0,0,0,0,0,0,0,0,0,0,0,0],"X_COUNT":[1,2,3,4,5,6,7,8,9,10,11,12,13,14,15,16,17,18,19,20,22,23,24,25,26,27,28,29,30,31,32,33,34,35,36,37,38,39,40,42,43,44,45,46,47,49,50,51,53,54,55,63,64,67,70,72,77,81,85,96,102,106,112,113,125,126]},"MEASUREMENTS_BY_TYPE":{"CONCEPT_NAME":"EHR","COUNT_VALUE":24897},"AGE_AT_FIRST_OCCURRENCE":{"CATEGORY":["MALE","FEMALE"],"MIN_VALUE":[0,0],"P10_VALUE":[0,0],"P25_VALUE":[0,0],"MEDIAN_VALUE":[0,0],"P75_VALUE":[0,0],"P90_VALUE":[0,0],"MAX_VALUE":[1,1]},"RECORDS_BY_UNIT":{"CONCEPT_NAME":"No matching concept","COUNT_VALUE":24897},"MEASUREMENT_VALUE_DISTRIBUTION":{"CATEGORY":"No matching concept","MIN_VALUE":0,"P10_VALUE":3.43,"P25_VALUE":4.05,"MEDIAN_VALUE":4.75,"P75_VALUE":5.42,"P90_VALUE":6.01,"MAX_VALUE":8.55},"LOWER_LIMIT_DISTRIBUTION":{"CATEGORY":[],"MIN_VALUE":[],"P10_VALUE":[],"P25_VALUE":[],"MEDIAN_VALUE":[],"P75_VALUE":[],"P90_VALUE":[],"MAX_VALUE":[]},"UPPER_LIMIT_DISTRIBUTION":{"CATEGORY":[],"MIN_VALUE":[],"P10_VALUE":[],"P25_VALUE":[],"MEDIAN_VALUE":[],"P75_VALUE":[],"P90_VALUE":[],"MAX_VALUE":[]},"VALUES_RELATIVE_TO_NORM":{"CONCEPT_NAME":[],"COUNT_VALUE":[]}}
