{"PREVALENCE_BY_GENDER_AGE_YEAR":{"TRELLIS_NAME":["0-9","0-9","0-9","0-9","0-9","0-9","0-9","0-9","0-9","0-9","0-9","0-9"],"SERIES_NAME":["MALE","FEMALE","MALE","FEMALE","FEMALE","MALE","MALE","FEMALE","MALE","FEMALE","FEMALE","MALE"],"X_CALENDAR_YEAR":[2015,2015,2016,2016,2017,2017,2018,2018,2019,2019,2020,2020],"Y_PREVALENCE_1000PP":[12.06897,11.09467,13.53072,11.91475,14.60308,14.21943,12.28719,12.92776,15.0355,11.06958,14.18637,17.12062]},"PREVALENCE_BY_MONTH":{"X_CALENDAR_MONTH":[201709,201611,201805,201602,201802,201808,201612,202007,201811,201810,201809,201604,201703,201807,201708,201606,201903,201803,201704,201608,201508,201909,201905,201603,201911,201804,202001,201910,201712,201906,202002,201510,201702,201904,201812,201908,201610,201705,202005,201710,201509,201711,201907,201607,201701,201706,201512,201801,201609,201511,201707,201605,202006,201912,201806,201902,201601,202004,202003,201901],"Y_PREVALENCE_1000PP":[1.95695,1.9595,1.93632,3.81996,1.49818,2.03651,1.78571,6.23701,2.03188,1.51504,1.19796,3.00172,2.46366,1.4477,1.59977,1.60256,2.27114,1.1313,1.94033,1.70667,2.73224,2.57069,2.2665,2.38984,2.9936,1.93354,4.76493,2.89381,1.55137,3.29637,6.00327,3.23947,2.30907,2.32731,2.1327,2.39678,2.0649,1.64719,6.14316,1.8315,4.80898,1.67997,3.6116,1.71292,1.55119,2.35491,4.86571,1.75119,1.83001,5.8296,2.32262,2.6688,7.77958,3.6523,2.03518,1.61799,3.24617,5.7924,7.67832,2.21966]},"FREQUENCY_DISTRIBUTION":{"Y_NUM_PERSONS":[1,0,0,0,0,0,0,0,0,0,0,0,0,0,0,0,0,0,0,0,0,0,0,0,0,0],"X_COUNT":[1,2,3,4,5,6,7,8,9,10,11,12,13,14,15,16,17,20,21,22,23,24,25,26,29,31]},"MEASUREMENTS_BY_TYPE":{"CONCEPT_NAME":"EHR","COUNT_VALUE":3399},"AGE_AT_FIRST_OCCURRENCE":{"CATEGORY":["MALE","FEMALE"],"MIN_VALUE":[0,0],"P10_VALUE":[0,0],"P25_VALUE":[0,0],"MEDIAN_VALUE":[0,0],"P75_VALUE":[0,0],"P90_VALUE":[0,0],"MAX_VALUE":[1,1]},"RECORDS_BY_UNIT":{"CONCEPT_NAME":"No matching concept","COUNT_VALUE":3399},"MEASUREMENT_VALUE_DISTRIBUTION":{"CATEGORY":"No matching concept","MIN_VALUE":0,"P10_VALUE":1.3,"P25_VALUE":1.6,"MEDIAN_VALUE":1.9,"P75_VALUE":2.1,"P90_VALUE":2.4,"MAX_VALUE":62.7},"LOWER_LIMIT_DISTRIBUTION":{"CATEGORY":[],"MIN_VALUE":[],"P10_VALUE":[],"P25_VALUE":[],"MEDIAN_VALUE":[],"P75_VALUE":[],"P90_VALUE":[],"MAX_VALUE":[]},"UPPER_LIMIT_DISTRIBUTION":{"CATEGORY":[],"MIN_VALUE":[],"P10_VALUE":[],"P25_VALUE":[],"MEDIAN_VALUE":[],"P75_VALUE":[],"P90_VALUE":[],"MAX_VALUE":[]},"VALUES_RELATIVE_TO_NORM":{"CONCEPT_NAME":[],"COUNT_VALUE":[]}}
