{"PREVALENCE_BY_GENDER_AGE_YEAR":{"TRELLIS_NAME":["0-9","0-9","0-9","0-9","0-9","0-9","0-9","0-9","0-9","0-9","0-9","0-9"],"SERIES_NAME":["MALE","FEMALE","FEMALE","MALE","FEMALE","MALE","FEMALE","MALE","FEMALE","MALE","FEMALE","MALE"],"X_CALENDAR_YEAR":[2015,2015,2016,2016,2017,2017,2018,2018,2019,2019,2020,2020],"Y_PREVALENCE_1000PP":[187.58621,167.52959,176.03625,190.7036,99.7359,121.38901,94.44867,115.61806,98.76366,122.51149,112.3783,126.32944]},"PREVALENCE_BY_MONTH":{"X_CALENDAR_MONTH":[201801,201704,201510,201511,201604,201802,201607,201804,201705,201902,201606,201707,201612,201512,201810,201812,202002,202007,201508,201709,201706,202005,201806,201611,201603,202006,201905,202003,201911,201901,201712,201808,201903,201602,201910,201605,201509,201907,201702,201610,201809,201906,201505,201609,201803,201710,201708,201506,201703,201908,201912,201904,201711,202004,201507,201807,201601,201811,202001,201701,201909,201805,201608],"Y_PREVALENCE_1000PP":[9.52648,9.94422,45.3526,41.03139,25.01429,8.70372,23.40984,9.30965,9.25563,11.49621,27.12032,9.3654,18.83929,37.174,9.77199,12.48025,24.19502,55.61331,62.84153,8.33515,8.05226,40.3312,9.15831,17.3556,30.61987,44.73258,10.86033,28.69267,21.49952,11.26274,9.1672,10.76442,10.48218,30.22754,19.87921,23.88578,52.36441,15.47828,16.42008,17.60079,9.8832,13.68495,48.7239,22.36682,8.06052,9.36884,9.08959,44.1989,12.23618,18.08476,26.44266,10.33327,7.83984,34.05931,52.99016,9.98914,34.98647,9.92498,24.30114,17.92485,15.30731,7.60184,23.46667]},"FREQUENCY_DISTRIBUTION":{"Y_NUM_PERSONS":[7,2,1,1,1,1,1,0,0,0,0,0,0,0,0,0,0,0,0,0,0,0,0,0,0,0,0,0,0,0,0,0,0,0,0,0,0,0,0,0,0,0,0,0,0,0,0,0,0,0,0,0,0,0,0,0,0,0,0,0,0,0,0,0,0,0,0,0,0,0,0],"X_COUNT":[1,2,3,4,5,6,7,8,9,10,11,12,13,14,15,16,17,18,19,20,21,22,23,24,25,26,27,28,29,30,31,32,33,34,35,36,37,38,39,40,41,42,43,45,47,48,49,50,53,54,55,58,61,62,63,64,65,66,67,69,70,71,72,75,76,92,95,103,107,109,113]},"MEASUREMENTS_BY_TYPE":{"CONCEPT_NAME":"EHR","COUNT_VALUE":22921},"AGE_AT_FIRST_OCCURRENCE":{"CATEGORY":["MALE","FEMALE"],"MIN_VALUE":[0,0],"P10_VALUE":[0,0],"P25_VALUE":[0,0],"MEDIAN_VALUE":[0,0],"P75_VALUE":[0,0],"P90_VALUE":[0,0],"MAX_VALUE":[1,1]},"RECORDS_BY_UNIT":{"CONCEPT_NAME":"No matching concept","COUNT_VALUE":22921},"MEASUREMENT_VALUE_DISTRIBUTION":{"CATEGORY":"No matching concept","MIN_VALUE":0,"P10_VALUE":0,"P25_VALUE":0.1,"MEDIAN_VALUE":0.2,"P75_VALUE":0.4,"P90_VALUE":0.7,"MAX_VALUE":9.9},"LOWER_LIMIT_DISTRIBUTION":{"CATEGORY":[],"MIN_VALUE":[],"P10_VALUE":[],"P25_VALUE":[],"MEDIAN_VALUE":[],"P75_VALUE":[],"P90_VALUE":[],"MAX_VALUE":[]},"UPPER_LIMIT_DISTRIBUTION":{"CATEGORY":[],"MIN_VALUE":[],"P10_VALUE":[],"P25_VALUE":[],"MEDIAN_VALUE":[],"P75_VALUE":[],"P90_VALUE":[],"MAX_VALUE":[]},"VALUES_RELATIVE_TO_NORM":{"CONCEPT_NAME":[],"COUNT_VALUE":[]}}
