{"PREVALENCE_BY_GENDER_AGE_YEAR":{"TRELLIS_NAME":["0-9","0-9","0-9","0-9","0-9","0-9","0-9","0-9","0-9","0-9","0-9","0-9"],"SERIES_NAME":["MALE","FEMALE","FEMALE","MALE","MALE","FEMALE","MALE","FEMALE","MALE","FEMALE","MALE","FEMALE"],"X_CALENDAR_YEAR":[2015,2015,2016,2016,2017,2017,2018,2018,2019,2019,2020,2020],"Y_PREVALENCE_1000PP":[202.75862,184.1716,190.97164,205.5078,139.64975,118.06742,129.08956,109.35361,973.68787,969.23519,942.93126,927.67733]},"PREVALENCE_BY_MONTH":{"X_CALENDAR_MONTH":[202006,201611,201711,201812,201805,201612,202004,202002,201902,201605,201706,201910,201912,201802,201506,201602,201609,201603,201604,201806,201512,201509,201709,201808,202007,201703,201811,202005,201607,201901,202001,202003,201608,201803,201905,201909,201712,201807,201510,201911,201903,201710,201511,201701,201606,201708,201705,201804,201906,201801,201508,201702,201707,201507,201610,201907,201809,201904,201505,201704,201908,201601,201810],"Y_PREVALENCE_1000PP":[347.48784,19.78166,10.70979,15.48183,9.82501,21.07143,264.59685,212.66145,101.93307,27.35522,11.39471,158.9079,183.34551,10.77263,50.82873,34.21359,25.31517,35.99701,28.44483,11.04812,44.37524,59.84504,10.21961,13.89192,280.66528,15.19258,12.9728,302.88462,26.3789,92.81486,195.99746,239.24025,26.98667,10.18172,117.19709,149.56766,10.93012,12.08831,49.58884,170.77153,109.01468,11.05945,48.20628,20.59635,29.46252,11.3438,11.60875,11.17158,119.06902,11.13757,68.64754,19.75541,12.81187,56.77517,20.35398,135.7961,12.20425,104.17055,48.7239,12.93556,143.91546,39.13436,11.89304]},"FREQUENCY_DISTRIBUTION":{"Y_NUM_PERSONS":[23,18,15,13,11,10,8,7,6,5,5,4,3,3,3,2,2,2,2,1,1,1,1,1,1,1,1,1,1,1,1,0,0,0,0,0,0,0,0,0,0,0,0,0,0,0,0,0,0,0,0,0,0,0,0,0,0,0,0,0,0,0,0,0,0,0,0,0,0,0,0,0,0,0,0,0,0,0,0,0,0,0,0,0,0,0,0,0,0,0,0,0,0,0,0,0,0,0,0,0,0,0,0,0,0,0,0,0,0,0,0,0,0,0,0,0,0,0,0,0,0,0,0,0,0,0,0,0,0,0,0,0,0,0,0,0,0,0,0,0,0,0,0,0,0,0],"X_COUNT":[1,2,3,4,5,6,7,8,9,10,11,12,13,14,15,16,17,18,19,20,21,22,23,24,25,26,27,28,29,30,31,32,33,34,35,36,37,38,39,40,41,42,43,44,45,46,47,48,49,50,51,52,53,54,55,56,57,58,59,60,61,62,63,64,65,67,68,69,70,71,72,73,74,75,76,77,78,79,81,82,83,84,85,86,87,88,90,91,92,93,94,95,96,98,100,101,102,103,104,105,106,107,108,109,111,112,113,116,117,119,121,123,126,131,132,134,139,141,145,146,149,150,153,155,156,157,158,160,169,170,174,176,181,191,192,201,203,211,225,227,230,239,275,304,305,358]},"MEASUREMENTS_BY_TYPE":{"CONCEPT_NAME":"EHR","COUNT_VALUE":202025},"AGE_AT_FIRST_OCCURRENCE":{"CATEGORY":["MALE","FEMALE"],"MIN_VALUE":[0,0],"P10_VALUE":[0,0],"P25_VALUE":[0,0],"MEDIAN_VALUE":[0,0],"P75_VALUE":[0,0],"P90_VALUE":[0,0],"MAX_VALUE":[1,1]},"RECORDS_BY_UNIT":{"CONCEPT_NAME":"No matching concept","COUNT_VALUE":202025},"MEASUREMENT_VALUE_DISTRIBUTION":{"CATEGORY":"No matching concept","MIN_VALUE":0,"P10_VALUE":2.1,"P25_VALUE":4.5,"MEDIAN_VALUE":8.5,"P75_VALUE":54,"P90_VALUE":72,"MAX_VALUE":1628},"LOWER_LIMIT_DISTRIBUTION":{"CATEGORY":[],"MIN_VALUE":[],"P10_VALUE":[],"P25_VALUE":[],"MEDIAN_VALUE":[],"P75_VALUE":[],"P90_VALUE":[],"MAX_VALUE":[]},"UPPER_LIMIT_DISTRIBUTION":{"CATEGORY":[],"MIN_VALUE":[],"P10_VALUE":[],"P25_VALUE":[],"MEDIAN_VALUE":[],"P75_VALUE":[],"P90_VALUE":[],"MAX_VALUE":[]},"VALUES_RELATIVE_TO_NORM":{"CONCEPT_NAME":[],"COUNT_VALUE":[]}}
