{"PREVALENCE_BY_GENDER_AGE_YEAR":{"TRELLIS_NAME":["20-29","30-39","40-49","10-19","40-49","10-19","30-39","20-29","50-59","30-39","40-49","20-29","10-19","50-59","10-19","40-49","20-29","30-39","50-59","10-19","30-39","40-49","50-59","20-29","10-19","20-29","40-49","30-39"],"SERIES_NAME":["FEMALE","FEMALE","FEMALE","FEMALE","FEMALE","FEMALE","FEMALE","FEMALE","FEMALE","FEMALE","FEMALE","FEMALE","FEMALE","FEMALE","FEMALE","FEMALE","FEMALE","FEMALE","FEMALE","FEMALE","FEMALE","FEMALE","FEMALE","FEMALE","FEMALE","FEMALE","FEMALE","FEMALE"],"X_CALENDAR_YEAR":[2015,2015,2015,2015,2016,2016,2016,2016,2016,2017,2017,2017,2017,2017,2018,2018,2018,2018,2018,2019,2019,2019,2019,2019,2020,2020,2020,2020],"Y_PREVALENCE_1000PP":[981.99317,970.71429,967.84566,1000,902.85714,804.5977,817.92156,783.71532,1000,663.66096,787.76529,654.37034,825.12315,1000,766.58477,768.63753,660.97647,635.0087,800,881.08108,776.74714,844.22809,727.27273,810.019,950.92025,958.55379,919.44444,946.37132]},"PREVALENCE_BY_MONTH":{"X_CALENDAR_MONTH":[201710,201708,201706,201511,202003,201604,201609,201608,201907,201601,201908,201806,201910,201812,201606,201909,201611,201808,201811,201801,202001,201807,201512,201709,201701,201705,201602,201712,201612,201906,201805,201903,201702,202006,202002,201507,201704,202004,201711,201902,201510,202007,201810,201904,201703,201911,201605,201803,201603,201802,201509,201505,201901,202005,201809,201508,201707,201506,201912,201607,201905,201804,201610],"Y_PREVALENCE_1000PP":[107.91772,109.43863,108.85749,265.91928,288.54314,162.95026,147.21431,157.86667,167.88773,221.10009,176.05404,97.03445,204.0765,126.14534,161.98225,186.02477,132.59308,108.95338,111.67552,102.12945,248.09403,106.62324,251.26508,103.93564,128.83488,107.14566,201.46155,100.83915,130.625,153.33134,99.25416,131.90077,108.95408,442.46353,266.87284,419.37926,107.0418,313.48471,106.46787,122.54109,291.05407,501.0395,117.79411,129.30553,112.67143,208.05552,164.39819,95.73641,191.18745,92.45916,364.68074,589.32715,122.4926,372.59615,110.13777,444.3306,102.94448,498.34254,232.57852,159.9863,146.00057,98.96878,138.34808]},"OBS_FREQUENCY_DISTRIBUTION":{"Y_NUM_PERSONS":[44,25,13,7,4,2,1,1,0,0,0,0,0,0,0,0,0,0,0,0,0],"X_COUNT":[1,2,3,4,5,6,7,8,9,10,11,12,13,14,15,16,17,18,19,20,21]},"OBSERVATIONS_BY_TYPE":{"CONCEPT_NAME":"EHR","COUNT_VALUE":117314},"AGE_AT_FIRST_OCCURRENCE":{"CATEGORY":"FEMALE","MIN_VALUE":14,"P10_VALUE":22,"P25_VALUE":24,"MEDIAN_VALUE":28,"P75_VALUE":32,"P90_VALUE":36,"MAX_VALUE":86}}
