{"PREVALENCE_BY_GENDER_AGE_YEAR":{"TRELLIS_NAME":["0-9","0-9","0-9","0-9","0-9","0-9","0-9","0-9","0-9","0-9","0-9","0-9"],"SERIES_NAME":["FEMALE","MALE","FEMALE","MALE","MALE","FEMALE","MALE","FEMALE","MALE","FEMALE","FEMALE","MALE"],"X_CALENDAR_YEAR":[2015,2015,2016,2016,2017,2017,2018,2018,2019,2019,2020,2020],"Y_PREVALENCE_1000PP":[995.93195,996.2069,990.43464,987.42439,991.46834,989.90213,987.86084,989.20152,989.41946,989.21794,979.69402,977.95071]},"PREVALENCE_BY_MONTH":{"X_CALENDAR_MONTH":[201507,201908,201709,201510,201602,201603,201702,201710,201505,201810,201809,201811,201706,201508,201605,201704,201808,201711,201604,201701,201905,201807,201910,201802,201803,201906,202004,201509,202005,202003,201610,201608,202006,201712,201607,201707,201606,201901,201805,201511,201806,201703,201612,201902,201601,202001,202002,201909,201904,202007,201705,201804,201506,201512,201611,201907,201708,201903,201812,201609,201801,201912,201911],"Y_PREVALENCE_1000PP":[280.09084,136.28936,75.7411,228.50735,149.809,153.54742,82.61353,83.75599,359.62877,89.15991,79.66457,86.27696,84.54877,327.86885,121.29704,77.77508,85.02437,83.43833,128.07318,96.34609,110.6809,81.0713,150.10065,70.34315,78.41335,111.07781,252.54866,275.71467,287.12607,230.95575,102.16323,120.32,338.08752,77.49806,118.87633,79.34367,119.94576,93.06149,75.15777,204.26009,72.46693,88.11694,96.96429,95.37597,166.81695,188.21474,201.56449,140.33653,97.46788,336.79834,79.30034,74.11916,299.44751,188.0109,100.86778,127.64421,85.00582,101.67715,95.7346,111.52908,80.97506,175.45654,157.57246]},"OBS_FREQUENCY_DISTRIBUTION":{"Y_NUM_PERSONS":54,"X_COUNT":1},"OBSERVATIONS_BY_TYPE":{"CONCEPT_NAME":"EHR","COUNT_VALUE":65145},"AGE_AT_FIRST_OCCURRENCE":{"CATEGORY":["FEMALE","MALE"],"MIN_VALUE":[0,0],"P10_VALUE":[0,0],"P25_VALUE":[0,0],"MEDIAN_VALUE":[0,0],"P75_VALUE":[0,0],"P90_VALUE":[0,0],"MAX_VALUE":[0,0]}}
