{"PREVALENCE_BY_GENDER_AGE_YEAR":{"TRELLIS_NAME":["40-49","20-29","30-39","10-19","30-39","20-29","40-49","10-19","50-59","40-49","20-29","10-19","30-39","30-39","50-59","20-29","40-49","10-19","10-19","30-39","20-29","50-59","40-49","20-29","10-19","30-39","40-49"],"SERIES_NAME":["FEMALE","FEMALE","FEMALE","FEMALE","FEMALE","FEMALE","FEMALE","FEMALE","FEMALE","FEMALE","FEMALE","FEMALE","FEMALE","FEMALE","FEMALE","FEMALE","FEMALE","FEMALE","FEMALE","FEMALE","FEMALE","FEMALE","FEMALE","FEMALE","FEMALE","FEMALE","FEMALE"],"X_CALENDAR_YEAR":[2015,2015,2015,2015,2016,2016,2016,2016,2016,2017,2017,2017,2017,2018,2018,2018,2018,2018,2019,2019,2019,2019,2019,2020,2020,2020,2020],"Y_PREVALENCE_1000PP":[848.8746,748.83577,808.57143,545.45455,714.14257,635.34379,837.14286,477.01149,1000,734.0824,541.25023,517.24138,593.55275,569.62576,700,559.52592,717.22365,496.3145,554.05405,700.76239,697.23028,818.18182,769.12378,807.31922,674.84663,841.44564,836.11111]},"PREVALENCE_BY_MONTH":{"X_CALENDAR_MONTH":[201811,201905,201803,201912,201604,201703,201909,201712,201608,201802,202003,201612,201707,201809,202002,201512,202001,201701,201602,201906,202004,201508,201907,201903,201709,201812,201805,201910,201509,201911,201801,201511,201806,202007,201804,201705,201606,201706,201609,201505,201711,201901,201507,201808,201603,201810,201807,201902,201601,201702,201607,201605,201704,201611,201710,202005,202006,201908,201904,201506,201510,201610,201708],"Y_PREVALENCE_1000PP":[80.72835,105.48683,72.2619,166.83711,119.06804,81.71142,134.37719,72.27981,106.34667,65.34922,222.26712,88.21429,72.90028,75.39683,193.19629,168.35344,178.84371,89.02103,138.5152,106.48287,241.19555,304.98634,120.31782,95.30049,69.7253,89.57346,71.50029,144.18722,245.79215,151.17703,76.07173,181.16592,67.37898,319.12682,69.8224,73.02534,108.60454,78.92738,100.34567,320.18561,78.74843,86.89576,263.43679,79.27849,139.35773,83.78153,75.49765,88.73371,153.65194,75.60079,108.14206,110.75527,72.27747,92.28329,77.69794,272.97009,324.14911,127.68275,93.37181,292.81768,201.09644,93.51032,77.9523]},"OBS_FREQUENCY_DISTRIBUTION":{"Y_NUM_PERSONS":[39,12,2,0,0,0],"X_COUNT":[1,2,3,4,5,6]},"OBSERVATIONS_BY_TYPE":{"CONCEPT_NAME":"EHR","COUNT_VALUE":64674},"AGE_AT_FIRST_OCCURRENCE":{"CATEGORY":"FEMALE","MIN_VALUE":14,"P10_VALUE":22,"P25_VALUE":24,"MEDIAN_VALUE":28,"P75_VALUE":34,"P90_VALUE":37,"MAX_VALUE":54}}
