{"PREVALENCE_BY_GENDER_AGE_YEAR":{"TRELLIS_NAME":["30-39","20-29","30-39","20-29","30-39","20-29","20-29","30-39","30-39","20-29"],"SERIES_NAME":["FEMALE","FEMALE","FEMALE","FEMALE","FEMALE","FEMALE","FEMALE","FEMALE","FEMALE","FEMALE"],"X_CALENDAR_YEAR":[2016,2016,2017,2017,2018,2018,2019,2019,2020,2020],"Y_PREVALENCE_1000PP":[1.43143,2.05066,0.90171,1.45375,1.41427,0.70759,1.29987,1.52478,1.74876,2.86596]},"PREVALENCE_BY_MONTH":{"X_CALENDAR_MONTH":[201909,201910,202005],"Y_PREVALENCE_1000PP":[0.81795,0.75491,1.60256]},"OBS_FREQUENCY_DISTRIBUTION":{"Y_NUM_PERSONS":[0,0],"X_COUNT":[1,2]},"OBSERVATIONS_BY_TYPE":{"CONCEPT_NAME":"EHR","COUNT_VALUE":167},"AGE_AT_FIRST_OCCURRENCE":{"CATEGORY":"FEMALE","MIN_VALUE":14,"P10_VALUE":20,"P25_VALUE":24,"MEDIAN_VALUE":28,"P75_VALUE":34,"P90_VALUE":38,"MAX_VALUE":44}}
