{"PREVALENCE_BY_GENDER_AGE_YEAR":{"TRELLIS_NAME":["10-19","20-29","40-49","30-39","40-49","10-19","20-29","50-59","30-39","30-39","10-19","20-29","40-49","40-49","30-39","50-59","10-19","20-29","10-19","30-39","20-29","50-59","40-49","20-29","10-19","40-49","30-39"],"SERIES_NAME":["FEMALE","FEMALE","FEMALE","FEMALE","FEMALE","FEMALE","FEMALE","FEMALE","FEMALE","FEMALE","FEMALE","FEMALE","FEMALE","FEMALE","FEMALE","FEMALE","FEMALE","FEMALE","FEMALE","FEMALE","FEMALE","FEMALE","FEMALE","FEMALE","FEMALE","FEMALE","FEMALE"],"X_CALENDAR_YEAR":[2015,2015,2015,2015,2016,2016,2016,2016,2016,2017,2017,2017,2017,2018,2018,2018,2018,2018,2019,2019,2019,2019,2019,2020,2020,2020,2020],"Y_PREVALENCE_1000PP":[545.45455,748.83577,848.8746,808.57143,837.14286,477.01149,635.34379,1000,714.14257,593.55275,517.24138,541.25023,734.0824,717.22365,569.62576,700,496.3145,559.52592,554.05405,700.76239,697.23028,818.18182,769.12378,807.31922,674.84663,836.11111,841.44564]},"PREVALENCE_BY_MONTH":{"X_CALENDAR_MONTH":[201712,201909,201608,201612,201508,202006,201707,202002,201709,201808,201906,201912,201910,201703,201706,201803,201812,201602,201911,201606,201604,201905,201511,201609,201806,202004,201610,201506,201507,201904,201705,201901,201505,202007,201509,201601,201512,201702,201611,201510,201607,201711,201805,202003,201903,201704,201801,201802,201605,201708,201701,201811,201807,201710,201810,202005,201902,201804,202001,201809,201908,201603,201907],"Y_PREVALENCE_1000PP":[72.27981,134.37719,106.34667,88.21429,304.98634,324.14911,72.90028,193.19629,69.7253,79.27849,106.48287,166.83711,144.18722,81.71142,78.92738,72.2619,89.57346,138.5152,151.17703,108.60454,119.06804,105.48683,181.16592,100.34567,67.37898,241.19555,93.51032,292.81768,263.43679,93.37181,73.02534,86.89576,320.18561,319.12682,245.79215,153.65194,168.35344,75.60079,92.28329,201.09644,108.14206,78.74843,71.50029,222.26712,95.30049,72.27747,76.07173,65.34922,110.75527,77.9523,89.02103,80.72835,75.49765,77.69794,83.78153,272.97009,88.73371,69.8224,178.84371,75.39683,127.68275,139.35773,120.31782]},"OBS_FREQUENCY_DISTRIBUTION":{"Y_NUM_PERSONS":[39,12,2,0,0,0],"X_COUNT":[1,2,3,4,5,6]},"OBSERVATIONS_BY_TYPE":{"CONCEPT_NAME":"EHR","COUNT_VALUE":64674},"AGE_AT_FIRST_OCCURRENCE":{"CATEGORY":"FEMALE","MIN_VALUE":14,"P10_VALUE":22,"P25_VALUE":24,"MEDIAN_VALUE":28,"P75_VALUE":34,"P90_VALUE":37,"MAX_VALUE":54}}
