{"PREVALENCE_BY_GENDER_AGE_YEAR":{"TRELLIS_NAME":["20-29","40-49","10-19","30-39","20-29","30-39","10-19","40-49","30-39","40-49","10-19","20-29","10-19","40-49","20-29","30-39","10-19","20-29","30-39","40-49","40-49","30-39","20-29","10-19"],"SERIES_NAME":["FEMALE","FEMALE","FEMALE","FEMALE","FEMALE","FEMALE","FEMALE","FEMALE","FEMALE","FEMALE","FEMALE","FEMALE","FEMALE","FEMALE","FEMALE","FEMALE","FEMALE","FEMALE","FEMALE","FEMALE","FEMALE","FEMALE","FEMALE","FEMALE"],"X_CALENDAR_YEAR":[2015,2015,2015,2015,2016,2016,2016,2016,2017,2017,2017,2017,2018,2018,2018,2018,2019,2019,2019,2019,2020,2020,2020,2020],"Y_PREVALENCE_1000PP":[22.66377,32.15434,53.47594,25,17.00844,16.89092,31.6092,21.42857,17.01984,24.96879,24.63054,15.90042,27.02703,29.56298,18.13197,17.40644,51.35135,21.29787,22.23634,41.72462,52.77778,28.85456,30.20282,61.34969]},"PREVALENCE_BY_MONTH":{"X_CALENDAR_MONTH":[201803,201909,201906,201605,202001,201609,201811,201801,201705,201610,201712,201511,201911,201903,201508,201807,202004,201603,201701,202007,201805,201904,201810,201812,201611,202003,201604,201510,202006,201512,201601,202005,201808,201509,201802,201608,201806,201607,201702,201506,201901,201908,201910,201912,201707,201809,201907,202002,201804,201606,201612,201507,201602,201905,201902,201703,201711,201704,201709,201708,201505,201706,201710],"Y_PREVALENCE_1000PP":[2.40402,3.97289,5.59385,3.336,6.98856,3.15169,1.95374,3.0821,1.56875,2.65487,2.18602,4.26009,3.67397,1.74703,7.85519,3.98118,10.65802,2.9873,2.49914,20.27027,2.22318,3.7237,2.57556,2.60664,2.61267,7.07214,3.28759,5.23299,15.88331,4.28182,2.88548,9.61538,2.76384,5.07614,1.92623,3.2,2.25323,2.62647,1.71043,24.30939,2.71292,5.22933,6.41671,6.13587,2.32262,2.39593,4.74667,6.54903,2.29161,1.97239,2.94643,9.84103,3.81996,3.7775,1.87346,2.62791,3.28993,2.18288,1.66703,2.47237,64.9652,2.43087,2.8177]},"OBS_FREQUENCY_DISTRIBUTION":{"Y_NUM_PERSONS":[2,0,0,0,0,0,0,0],"X_COUNT":[1,2,3,4,5,6,8,10]},"OBSERVATIONS_BY_TYPE":{"CONCEPT_NAME":"EHR","COUNT_VALUE":2345},"AGE_AT_FIRST_OCCURRENCE":{"CATEGORY":"FEMALE","MIN_VALUE":16,"P10_VALUE":21,"P25_VALUE":24,"MEDIAN_VALUE":28,"P75_VALUE":33,"P90_VALUE":38,"MAX_VALUE":50}}
