{"PREVALENCE_BY_GENDER_AGE_YEAR":{"TRELLIS_NAME":["20-29","20-29","30-39","20-29","30-39","20-29","30-39","30-39","20-29","30-39"],"SERIES_NAME":["FEMALE","FEMALE","FEMALE","FEMALE","FEMALE","FEMALE","FEMALE","FEMALE","FEMALE","FEMALE"],"X_CALENDAR_YEAR":[2015,2016,2016,2017,2017,2018,2018,2019,2019,2020],"Y_PREVALENCE_1000PP":[2.17324,2.29192,3.14916,1.90805,1.46528,1.85742,1.63185,1.52478,2.39976,2.62314]},"PREVALENCE_BY_MONTH":{"X_CALENDAR_MONTH":[201611,201612,201812,201609,201712],"Y_PREVALENCE_1000PP":[0.74648,0.89286,0.55292,0.61,0.56414]},"OBS_FREQUENCY_DISTRIBUTION":{"Y_NUM_PERSONS":[0,0],"X_COUNT":[1,2]},"OBSERVATIONS_BY_TYPE":{"CONCEPT_NAME":"EHR","COUNT_VALUE":200},"AGE_AT_FIRST_OCCURRENCE":{"CATEGORY":"FEMALE","MIN_VALUE":16,"P10_VALUE":20,"P25_VALUE":24,"MEDIAN_VALUE":28,"P75_VALUE":33,"P90_VALUE":38,"MAX_VALUE":46}}
