{"PREVALENCE_BY_GENDER_AGE_YEAR":{"TRELLIS_NAME":["20-29","30-39","20-29","30-39","40-49","10-19","20-29","30-39","10-19","40-49","40-49","20-29","10-19","30-39","20-29","40-49","30-39","10-19","30-39","20-29","10-19","40-49"],"SERIES_NAME":["FEMALE","FEMALE","FEMALE","FEMALE","FEMALE","FEMALE","FEMALE","FEMALE","FEMALE","FEMALE","FEMALE","FEMALE","FEMALE","FEMALE","FEMALE","FEMALE","FEMALE","FEMALE","FEMALE","FEMALE","FEMALE","FEMALE"],"X_CALENDAR_YEAR":[2015,2015,2016,2016,2016,2016,2017,2017,2017,2017,2018,2018,2018,2018,2019,2019,2019,2019,2020,2020,2020,2020],"Y_PREVALENCE_1000PP":[14.59174,10,22.07479,25.76582,18.57143,17.24138,29.80193,26.03697,29.55665,36.20474,32.13368,31.22236,29.48403,32.74587,31.49685,30.59805,36.4676,48.64865,39.34713,39.02116,49.07975,25]},"PREVALENCE_BY_MONTH":{"X_CALENDAR_MONTH":[201605,201906,201805,201902,201911,201611,201710,201811,201905,202002,201701,201602,201901,201606,201801,201707,201705,201510,202006,201808,201910,201509,201903,201703,201908,201704,201708,201802,201609,201803,201702,202004,201712,201604,201709,201907,201511,201804,201904,201608,201612,201711,201601,201909,201807,201810,201512,201706,201809,202005,202007,201610,202003,201607,201812,202001,201806,201603,201912,201508],"Y_PREVALENCE_1000PP":[3.60288,6.29308,4.58979,3.32113,6.66757,4.57218,3.59256,4.84526,4.81632,10.73313,4.22268,3.15562,5.75469,4.68442,4.20286,3.89601,4.47094,4.73461,16.85575,3.92756,7.54907,4.00748,5.24109,3.12064,7.08138,4.12321,3.70855,4.63723,2.54168,3.04037,3.59189,9.26784,3.87843,2.42996,3.91389,5.3658,4.03587,3.58064,4.09607,2.88,5.08929,4.68991,3.96754,7.24468,5.21173,4.69661,4.47645,4.17806,5.54058,11.21795,18.19127,3.53982,9.09275,5.48133,4.10742,10.48285,4.3611,3.8835,7.15851,3.07377]},"OBS_FREQUENCY_DISTRIBUTION":{"Y_NUM_PERSONS":[2,0,0,0,0],"X_COUNT":[1,2,3,4,5]},"OBSERVATIONS_BY_TYPE":{"CONCEPT_NAME":"EHR","COUNT_VALUE":3082},"AGE_AT_FIRST_OCCURRENCE":{"CATEGORY":"FEMALE","MIN_VALUE":16,"P10_VALUE":22,"P25_VALUE":24,"MEDIAN_VALUE":28,"P75_VALUE":33,"P90_VALUE":36,"MAX_VALUE":54}}
