{"PREVALENCE_BY_GENDER_AGE_YEAR":{"TRELLIS_NAME":["30-39","20-29","10-19","40-49","30-39","20-29","10-19","40-49","40-49","30-39","10-19","20-29","10-19","30-39","40-49","20-29","20-29","10-19","40-49","30-39","30-39","40-49","10-19","20-29"],"SERIES_NAME":["FEMALE","FEMALE","FEMALE","FEMALE","FEMALE","FEMALE","FEMALE","FEMALE","FEMALE","FEMALE","FEMALE","FEMALE","FEMALE","FEMALE","FEMALE","FEMALE","FEMALE","FEMALE","FEMALE","FEMALE","FEMALE","FEMALE","FEMALE","FEMALE"],"X_CALENDAR_YEAR":[2015,2015,2015,2015,2016,2016,2016,2016,2017,2017,2017,2017,2018,2018,2018,2018,2019,2019,2019,2019,2020,2020,2020,2020],"Y_PREVALENCE_1000PP":[72.85714,87.55045,96.25668,48.23151,62.83997,79.97587,71.83908,64.28571,49.93758,50.72137,86.2069,61.87534,85.99509,47.65013,52.69923,62.00248,82.19178,105.40541,51.46036,61.11817,69.65899,47.22222,67.48466,88.40388]},"PREVALENCE_BY_MONTH":{"X_CALENDAR_MONTH":[201703,201705,201802,201807,201701,201512,202001,201905,201810,201602,201904,201606,201909,201709,201612,202003,202004,201508,201811,201507,201706,201801,201509,201804,201711,201601,201907,201702,201605,201610,202007,201812,201607,201608,201710,201510,201903,201511,201912,201604,201505,201902,202002,201911,201806,201901,201803,201910,201809,202005,201707,201506,201906,201712,201908,201708,201609,201704,201611,201805,202006,201603,201808],"Y_PREVALENCE_1000PP":[9.36191,7.92219,6.70614,6.94897,8.18683,21.21448,20.17154,11.99358,8.63571,14.44943,10.33327,14.91617,14.72307,7.90027,7.67857,21.41847,19.23077,33.12842,8.36199,19.68206,7.29262,7.07481,25.91504,7.23288,7.76984,16.0505,15.68466,8.039,12.40993,10.22616,35.86279,9.71564,13.13235,12.48,6.19893,23.67306,11.00629,18.38565,17.09277,11.29217,20.88167,9.36728,19.10133,15.92053,8.35877,9.53634,7.91911,14.34323,7.56214,27.51068,7.49232,22.09945,11.48736,7.12221,12.41965,8.50785,11.89508,9.37828,10.26407,6.88468,27.87682,14.78715,6.83686]},"OBS_FREQUENCY_DISTRIBUTION":{"Y_NUM_PERSONS":[5,1,0,0,0,0],"X_COUNT":[1,2,3,4,5,6]},"OBSERVATIONS_BY_TYPE":{"CONCEPT_NAME":"EHR","COUNT_VALUE":7377},"AGE_AT_FIRST_OCCURRENCE":{"CATEGORY":"FEMALE","MIN_VALUE":15,"P10_VALUE":20,"P25_VALUE":24,"MEDIAN_VALUE":28,"P75_VALUE":32,"P90_VALUE":36,"MAX_VALUE":52}}
