{"PREVALENCE_BY_GENDER_AGE_YEAR":{"TRELLIS_NAME":["10-19","40-49","30-39","20-29","20-29","40-49","50-59","30-39","10-19","50-59","40-49","20-29","10-19","30-39","20-29","30-39","10-19","40-49","50-59","50-59","20-29","30-39","10-19","40-49","40-49","10-19","30-39","20-29"],"SERIES_NAME":["FEMALE","FEMALE","FEMALE","FEMALE","FEMALE","FEMALE","FEMALE","FEMALE","FEMALE","FEMALE","FEMALE","FEMALE","FEMALE","FEMALE","FEMALE","FEMALE","FEMALE","FEMALE","FEMALE","FEMALE","FEMALE","FEMALE","FEMALE","FEMALE","FEMALE","FEMALE","FEMALE","FEMALE"],"X_CALENDAR_YEAR":[2015,2015,2015,2015,2016,2016,2016,2016,2016,2017,2017,2017,2017,2017,2018,2018,2018,2018,2018,2019,2019,2019,2019,2019,2020,2020,2020,2020],"Y_PREVALENCE_1000PP":[989.30481,954.98392,958.92857,972.05837,776.23643,891.42857,1000,806.89951,798.85057,1000,772.78402,648.01018,820.19704,653.85482,654.69662,628.91645,771.49877,757.06941,900,727.27273,801.81982,767.21728,878.37838,827.53825,908.33333,944.78528,936.46167,944.6649]},"PREVALENCE_BY_MONTH":{"X_CALENDAR_MONTH":[201912,201710,201910,201509,201603,201901,201512,201804,201703,201508,201608,201511,201611,202007,201707,201909,201706,202006,201505,201911,201805,201906,201808,202001,202004,201507,201902,201801,201606,201705,201907,201811,201908,201712,201609,202005,201709,201607,201702,201809,201711,201904,201604,201605,201905,201903,201601,201803,201806,201807,201602,201812,202003,201510,201610,201810,202002,201701,201506,201708,201704,201802,201612],"Y_PREVALENCE_1000PP":[229.21841,107.2133,202.6925,358.0016,188.64824,121.42387,247.56715,97.60814,111.27536,437.5,156.58667,262.33184,130.9135,493.24324,101.44602,183.57093,107.49012,435.6564,589.32715,204.78977,98.035,151.53331,106.69867,244.44091,309.77757,417.86525,121.85983,101.35892,159.76331,105.3416,165.82396,111.12848,173.43937,100.06347,145.0793,367.25427,102.63101,158.61596,107.75678,109.08955,105.41789,127.81605,159.8056,161.99626,144.01738,130.9399,218.93598,94.95864,96.08955,105.827,198.80419,124.96051,284.50192,288.31298,137.16814,117.11234,263.23449,126.85281,491.71271,107.98429,105.18231,91.6744,129.91071]},"OBS_FREQUENCY_DISTRIBUTION":{"Y_NUM_PERSONS":[44,25,13,7,4,2,1,1,0,0,0,0,0,0,0,0,0,0,0,0,0],"X_COUNT":[1,2,3,4,5,6,7,8,9,10,11,12,13,14,15,16,17,18,19,20,21]},"OBSERVATIONS_BY_TYPE":{"CONCEPT_NAME":"EHR","COUNT_VALUE":115871},"AGE_AT_FIRST_OCCURRENCE":{"CATEGORY":"FEMALE","MIN_VALUE":14,"P10_VALUE":22,"P25_VALUE":24,"MEDIAN_VALUE":28,"P75_VALUE":32,"P90_VALUE":36,"MAX_VALUE":86}}
