{"PREVALENCE_BY_GENDER_AGE_YEAR":{"TRELLIS_NAME":["20-29","30-39","30-39","40-49","20-29","20-29","40-49","30-39","20-29","30-39","40-49","20-29","30-39","40-49","20-29","30-39"],"SERIES_NAME":["FEMALE","FEMALE","FEMALE","FEMALE","FEMALE","FEMALE","FEMALE","FEMALE","FEMALE","FEMALE","FEMALE","FEMALE","FEMALE","FEMALE","FEMALE","FEMALE"],"X_CALENDAR_YEAR":[2015,2015,2016,2016,2016,2017,2017,2017,2018,2018,2019,2019,2019,2020,2020,2020],"Y_PREVALENCE_1000PP":[7.14064,9.28571,8.15918,12.85714,8.56454,7.26876,11.23596,8.11542,6.81054,6.09225,11.12656,8.59914,9.65693,16.66667,14.10935,10.20111]},"PREVALENCE_BY_MONTH":{"X_CALENDAR_MONTH":[201606,201601,201511,201612,201904,201912,201611,201610,201910,201810,201701,202002,201802,202007,202001,201708,201604,201805,202003,201804,201710,202005,202006,201510,201801,201704,201605,201907,201908,201609,201903,201803,201812,201806,201702,201808,201905,201607,201902,201707,201512,202004,201602,201705,201807,201809,201608,201711,201712,201507,201909,201709,201706,201901,201906,201703,201911,201603,201509,201811],"Y_PREVALENCE_1000PP":[1.23274,1.98377,1.79372,0.80357,0.93093,0.87655,0.9331,1.27827,2.64217,1.06053,0.86177,3.0926,0.99879,4.158,3.65311,1.23618,1.71527,0.71715,3.23298,0.64451,0.98619,4.5406,4.86224,2.74109,0.91062,0.97017,0.93408,2.37334,2.39678,1.32168,0.96087,1.1313,0.47393,0.72685,1.11178,0.80006,1.41656,1.82711,1.02189,0.89908,1.3624,2.78035,1.49477,0.70594,0.86862,0.67385,0.96,0.97998,1.48085,5.29902,1.6359,1.23215,0.91158,0.73989,0.79912,1.06759,2.9936,2.9873,3.20598,1.09409]},"OBS_FREQUENCY_DISTRIBUTION":{"Y_NUM_PERSONS":[1,0,0,0],"X_COUNT":[1,2,3,4]},"OBSERVATIONS_BY_TYPE":{"CONCEPT_NAME":"EHR","COUNT_VALUE":919},"AGE_AT_FIRST_OCCURRENCE":{"CATEGORY":"FEMALE","MIN_VALUE":18,"P10_VALUE":22,"P25_VALUE":24,"MEDIAN_VALUE":28,"P75_VALUE":33,"P90_VALUE":36,"MAX_VALUE":44}}
