{"PREVALENCE_BY_GENDER_AGE_YEAR":{"TRELLIS_NAME":["20-29","30-39","10-19","40-49","30-39","20-29","10-19","40-49","10-19","30-39","40-49","20-29","30-39","10-19","40-49","20-29","30-39","20-29","40-49","10-19","20-29","30-39","40-49","10-19"],"SERIES_NAME":["FEMALE","FEMALE","FEMALE","FEMALE","FEMALE","FEMALE","FEMALE","FEMALE","FEMALE","FEMALE","FEMALE","FEMALE","FEMALE","FEMALE","FEMALE","FEMALE","FEMALE","FEMALE","FEMALE","FEMALE","FEMALE","FEMALE","FEMALE","FEMALE"],"X_CALENDAR_YEAR":[2015,2015,2015,2015,2016,2016,2016,2016,2017,2017,2017,2017,2018,2018,2018,2018,2019,2019,2019,2019,2020,2020,2020,2020],"Y_PREVALENCE_1000PP":[193.41819,194.28571,155.08021,180.06431,166.18952,150.4222,114.94253,155.71429,120.68966,126.46528,144.81898,124.02326,119.01654,103.1941,141.38817,117.01751,135.83227,140.88591,134.9096,129.72973,170.194,166.13232,133.33333,159.5092]},"PREVALENCE_BY_MONTH":{"X_CALENDAR_MONTH":[201510,201604,201710,201904,201804,201609,201712,201910,201509,201701,201703,201707,201802,201911,201603,201602,201512,201809,201612,201812,201702,201511,201708,201611,201803,201902,201505,201811,201807,201912,202003,202006,201903,201908,201606,201805,201711,201608,202002,201709,201901,201704,201607,201706,202005,201907,202004,201601,201508,201808,201905,201610,201906,201507,201806,201605,201810,202007,201801,201506,201705,201909,202001],"Y_PREVALENCE_1000PP":[52.08074,28.44483,17.54015,17.96686,14.32254,22.36682,16.00733,26.29592,63.05103,21.11341,20.53051,16.85772,14.05436,31.02463,29.87304,34.87793,41.65045,17.14585,21.25,17.93049,15.99247,39.91031,17.23386,20.43482,14.98975,18.22362,99.76798,18.13067,13.89794,31.84806,47.08022,56.72609,18.78057,26.36453,25.7643,15.84911,17.28965,24.96,40.7495,13.77111,17.83953,16.33115,25.57954,15.49681,59.02778,23.93974,51.66821,34.80613,70.35519,16.65576,21.3429,21.14061,18.57956,69.64421,14.31894,26.68802,15.83213,63.40956,15.90081,81.76796,14.98157,28.97873,34.62516]},"OBS_FREQUENCY_DISTRIBUTION":{"Y_NUM_PERSONS":[10,2,0,0],"X_COUNT":[1,2,3,4]},"OBSERVATIONS_BY_TYPE":{"CONCEPT_NAME":"EHR","COUNT_VALUE":14335},"AGE_AT_FIRST_OCCURRENCE":{"CATEGORY":"FEMALE","MIN_VALUE":16,"P10_VALUE":22,"P25_VALUE":24,"MEDIAN_VALUE":28,"P75_VALUE":32,"P90_VALUE":36,"MAX_VALUE":52}}
