{"PREVALENCE_BY_GENDER_AGE_YEAR":{"TRELLIS_NAME":["20-29","30-39","10-19","40-49","10-19","20-29","30-39","40-49","50-59","30-39","40-49","20-29","50-59","10-19","30-39","20-29","40-49","50-59","10-19","30-39","50-59","10-19","40-49","20-29","40-49","30-39","10-19","20-29"],"SERIES_NAME":["FEMALE","FEMALE","FEMALE","FEMALE","FEMALE","FEMALE","FEMALE","FEMALE","FEMALE","FEMALE","FEMALE","FEMALE","FEMALE","FEMALE","FEMALE","FEMALE","FEMALE","FEMALE","FEMALE","FEMALE","FEMALE","FEMALE","FEMALE","FEMALE","FEMALE","FEMALE","FEMALE","FEMALE"],"X_CALENDAR_YEAR":[2015,2015,2015,2015,2016,2016,2016,2016,2016,2017,2017,2017,2017,2017,2018,2018,2018,2018,2018,2019,2019,2019,2019,2019,2020,2020,2020,2020],"Y_PREVALENCE_1000PP":[982.92456,972.85714,1000,971.06109,804.5977,783.95657,818.0647,902.85714,1000,663.77367,787.76529,654.64292,1000,822.6601,635.66144,661.06492,769.92288,900,771.49877,775.47649,727.27273,881.08108,841.44645,808.41916,919.44444,945.7884,963.19018,957.23104]},"PREVALENCE_BY_MONTH":{"X_CALENDAR_MONTH":[201906,201806,201608,201511,201612,201610,201809,201510,201801,201605,201902,201905,201602,201508,202007,201903,202001,201704,201804,201808,201901,201810,201909,201805,201705,201812,201707,201811,201607,201702,201509,201601,201807,201907,202006,201709,201712,201507,201606,201910,201710,201506,202004,201604,202003,201708,201603,201803,201505,201703,202005,201912,201701,201706,201904,201611,201908,201609,201512,202002,201802,201711,201911],"Y_PREVALENCE_1000PP":[153.13156,97.03445,157.65333,266.1435,130.71429,138.44641,110.28751,291.80164,102.33959,164.39819,122.45593,145.43394,201.46155,445.01366,501.0395,131.90077,247.61753,107.0418,98.96878,109.02611,122.24597,117.6426,185.55737,99.25416,107.06722,125.98736,102.79464,111.75367,159.9863,108.86855,365.21507,221.10009,106.91278,167.57817,442.46353,104.0806,100.90967,419.37926,162.10552,203.82486,108.05861,498.34254,313.25301,162.95026,288.34108,109.51134,191.63555,95.87782,589.32715,112.67143,372.59615,232.43243,128.83488,108.78153,129.02625,132.49977,175.83615,147.11265,251.65434,265.96325,92.5305,106.53787,207.51123]},"OBS_FREQUENCY_DISTRIBUTION":{"Y_NUM_PERSONS":[44,25,13,7,4,2,1,1,0,0,0,0,0,0,0,0,0,0,0,0,0],"X_COUNT":[1,2,3,4,5,6,7,8,9,10,11,12,13,14,15,16,17,18,19,20,21]},"OBSERVATIONS_BY_TYPE":{"CONCEPT_NAME":"EHR","COUNT_VALUE":117279},"AGE_AT_FIRST_OCCURRENCE":{"CATEGORY":"FEMALE","MIN_VALUE":14,"P10_VALUE":22,"P25_VALUE":24,"MEDIAN_VALUE":28,"P75_VALUE":32,"P90_VALUE":36,"MAX_VALUE":86}}
