{"PREVALENCE_BY_GENDER_AGE_YEAR":{"TRELLIS_NAME":["20-29","30-39","20-29","30-39","20-29","30-39","30-39","20-29","30-39","20-29","20-29"],"SERIES_NAME":["FEMALE","FEMALE","FEMALE","FEMALE","FEMALE","FEMALE","FEMALE","FEMALE","FEMALE","FEMALE","FEMALE"],"X_CALENDAR_YEAR":[2015,2015,2016,2016,2017,2017,2018,2018,2019,2019,2020],"Y_PREVALENCE_1000PP":[5.89879,3.92857,3.37756,1.57458,1.18117,0.90171,1.0879,2.03432,1.39771,1.79982,1.32275]},"PREVALENCE_BY_MONTH":{"X_CALENDAR_MONTH":[201804,201509,201510,201605],"Y_PREVALENCE_1000PP":[0.50129,1.60299,2.24271,0.93408]},"OBS_FREQUENCY_DISTRIBUTION":{"Y_NUM_PERSONS":[0,0],"X_COUNT":[1,2]},"OBSERVATIONS_BY_TYPE":{"CONCEPT_NAME":"EHR","COUNT_VALUE":191},"AGE_AT_FIRST_OCCURRENCE":{"CATEGORY":"FEMALE","MIN_VALUE":18,"P10_VALUE":22,"P25_VALUE":24,"MEDIAN_VALUE":28,"P75_VALUE":30,"P90_VALUE":34,"MAX_VALUE":42}}
