{"PREVALENCE_BY_GENDER_AGE_YEAR":{"TRELLIS_NAME":["10-19","40-49","30-39","20-29","30-39","50-59","20-29","40-49","10-19","10-19","20-29","40-49","30-39","10-19","20-29","50-59","30-39","40-49","50-59","30-39","10-19","20-29","40-49","20-29","40-49","10-19","30-39"],"SERIES_NAME":["FEMALE","FEMALE","FEMALE","FEMALE","FEMALE","FEMALE","FEMALE","FEMALE","FEMALE","FEMALE","FEMALE","FEMALE","FEMALE","FEMALE","FEMALE","FEMALE","FEMALE","FEMALE","FEMALE","FEMALE","FEMALE","FEMALE","FEMALE","FEMALE","FEMALE","FEMALE","FEMALE"],"X_CALENDAR_YEAR":[2015,2015,2015,2015,2016,2016,2016,2016,2016,2017,2017,2017,2017,2018,2018,2018,2018,2018,2019,2019,2019,2019,2019,2020,2020,2020,2020],"Y_PREVALENCE_1000PP":[545.45455,848.8746,808.57143,748.83577,714.14257,1000,635.34379,837.14286,477.01149,517.24138,541.25023,734.0824,593.55275,496.3145,559.52592,700,569.62576,717.22365,818.18182,700.76239,554.05405,697.23028,769.12378,807.31922,836.11111,674.84663,841.44564]},"PREVALENCE_BY_MONTH":{"X_CALENDAR_MONTH":[201812,201701,201612,201601,201506,201510,201706,201712,201904,201705,201602,202007,201508,201912,201905,201702,202003,201807,201703,201804,201507,201902,201810,201603,201908,202005,201801,201609,201808,201709,201911,201901,201604,202001,201805,201511,201802,201608,201909,201707,202006,202004,201806,201607,201606,201509,201610,201512,201605,201704,201710,201505,201809,201906,201910,202002,201811,201803,201711,201907,201611,201708,201903],"Y_PREVALENCE_1000PP":[89.57346,89.02103,88.21429,153.65194,292.81768,201.09644,78.92738,72.27981,93.37181,73.02534,138.5152,319.12682,304.98634,166.83711,105.48683,75.60079,222.26712,75.49765,81.71142,69.8224,263.43679,88.73371,83.78153,139.35773,127.68275,272.97009,76.07173,100.34567,79.27849,69.7253,151.17703,86.89576,119.06804,178.84371,71.50029,181.16592,65.34922,106.34667,134.37719,72.90028,324.14911,241.19555,67.37898,108.14206,108.60454,245.79215,93.51032,168.35344,110.75527,72.27747,77.69794,320.18561,75.39683,106.48287,144.18722,193.19629,80.72835,72.2619,78.74843,120.31782,92.28329,77.9523,95.30049]},"OBS_FREQUENCY_DISTRIBUTION":{"Y_NUM_PERSONS":[39,12,2,0,0,0],"X_COUNT":[1,2,3,4,5,6]},"OBSERVATIONS_BY_TYPE":{"CONCEPT_NAME":"EHR","COUNT_VALUE":64674},"AGE_AT_FIRST_OCCURRENCE":{"CATEGORY":"FEMALE","MIN_VALUE":14,"P10_VALUE":22,"P25_VALUE":24,"MEDIAN_VALUE":28,"P75_VALUE":34,"P90_VALUE":37,"MAX_VALUE":54}}
