{"PREVALENCE_BY_GENDER_AGE_YEAR":{"TRELLIS_NAME":["40-49","30-39","20-29","10-19","40-49","50-59","20-29","30-39","10-19","10-19","30-39","20-29","40-49","40-49","10-19","50-59","30-39","20-29","50-59","20-29","40-49","30-39","10-19","10-19","20-29","40-49","30-39"],"SERIES_NAME":["FEMALE","FEMALE","FEMALE","FEMALE","FEMALE","FEMALE","FEMALE","FEMALE","FEMALE","FEMALE","FEMALE","FEMALE","FEMALE","FEMALE","FEMALE","FEMALE","FEMALE","FEMALE","FEMALE","FEMALE","FEMALE","FEMALE","FEMALE","FEMALE","FEMALE","FEMALE","FEMALE"],"X_CALENDAR_YEAR":[2015,2015,2015,2015,2016,2016,2016,2016,2016,2017,2017,2017,2017,2018,2018,2018,2018,2018,2019,2019,2019,2019,2019,2020,2020,2020,2020],"Y_PREVALENCE_1000PP":[848.8746,808.57143,748.83577,545.45455,835.71429,1000,635.22316,714.14257,477.01149,517.24138,593.55275,541.25023,734.0824,717.22365,496.3145,700,569.51697,559.43747,818.18182,697.23028,767.73296,700.76239,554.05405,674.84663,807.31922,836.11111,841.44564]},"PREVALENCE_BY_MONTH":{"X_CALENDAR_MONTH":[202003,201611,201806,201602,201902,201809,201610,201801,201903,201907,201705,201708,201512,202005,201601,202004,201906,201710,201911,201807,201901,201803,202001,201811,201605,201808,201608,201802,201701,201702,201506,201508,201707,201609,201804,201909,201612,202007,201805,201511,201604,201603,201910,201810,201505,201912,201904,201711,201905,201507,201712,201812,201706,201509,201704,201606,201908,201709,202006,201607,202002,201510,201703],"Y_PREVALENCE_1000PP":[222.26712,92.28329,67.37898,138.5152,88.64856,75.39683,93.51032,76.07173,95.30049,120.31782,73.02534,77.9523,168.35344,272.70299,153.65194,241.19555,106.48287,77.69794,151.17703,75.49765,86.89576,72.2619,178.68488,80.6502,110.62183,79.27849,106.34667,65.34922,89.02103,75.51527,292.81768,304.64481,72.90028,100.34567,69.8224,134.37719,88.21429,319.12682,71.35686,181.16592,119.06804,139.35773,144.18722,83.78153,320.18561,166.83711,93.37181,78.74843,105.48683,263.43679,72.27981,89.57346,78.92738,245.79215,72.27747,108.60454,127.57381,69.7253,324.14911,108.02786,193.19629,201.09644,81.71142]},"OBS_FREQUENCY_DISTRIBUTION":{"Y_NUM_PERSONS":[39,34,31,11,10,9,2,2,2,0,0,0,0,0,0,0,0,0],"X_COUNT":[1,2,3,4,5,6,7,8,9,10,11,12,13,14,15,16,17,18]},"OBSERVATIONS_BY_TYPE":{"CONCEPT_NAME":"EHR","COUNT_VALUE":169444},"AGE_AT_FIRST_OCCURRENCE":{"CATEGORY":"FEMALE","MIN_VALUE":14,"P10_VALUE":22,"P25_VALUE":24,"MEDIAN_VALUE":28,"P75_VALUE":34,"P90_VALUE":37,"MAX_VALUE":54}}
