{"PREVALENCE_BY_GENDER_AGE_YEAR":{"TRELLIS_NAME":["30-39","10-19","20-29","40-49","20-29","30-39","10-19","50-59","40-49","30-39","20-29","40-49","10-19","50-59","30-39","50-59","10-19","20-29","40-49","40-49","10-19","50-59","20-29","30-39","40-49","20-29","30-39","10-19"],"SERIES_NAME":["FEMALE","FEMALE","FEMALE","FEMALE","FEMALE","FEMALE","FEMALE","FEMALE","FEMALE","FEMALE","FEMALE","FEMALE","FEMALE","FEMALE","FEMALE","FEMALE","FEMALE","FEMALE","FEMALE","FEMALE","FEMALE","FEMALE","FEMALE","FEMALE","FEMALE","FEMALE","FEMALE","FEMALE"],"X_CALENDAR_YEAR":[2015,2015,2015,2015,2016,2016,2016,2016,2016,2017,2017,2017,2017,2017,2018,2018,2018,2018,2018,2019,2019,2019,2019,2019,2020,2020,2020,2020],"Y_PREVALENCE_1000PP":[786.78571,812.83422,795.09469,762.05788,675.15078,704.6951,678.16092,1000,787.14286,556.46979,549.24587,660.42447,677.3399,1000,518.49434,900,653.56265,546.61242,642.67352,695.41029,700,727.27273,666.13339,633.16391,761.11111,776.67549,763.91723,773.00613]},"PREVALENCE_BY_MONTH":{"X_CALENDAR_MONTH":[201708,201605,201702,201812,201606,201805,201909,201911,201907,201611,201711,201804,202005,201801,201610,202006,201505,201509,201908,201709,201510,201703,201810,202002,201704,201609,201901,201906,201806,202001,201512,201808,202007,201809,201612,201811,201701,201506,201707,201507,201705,202003,201905,201607,201910,201902,201903,201604,201904,201706,201712,201602,201603,201802,201601,201807,201511,201710,201508,201803,202004,201608,201912],"Y_PREVALENCE_1000PP":[90.75044,138.77769,91.50774,106.71406,138.92998,82.47275,152.4889,169.68295,134.8674,110.10544,87.77824,79.20367,307.42521,84.47744,119.86234,343.59806,429.23434,275.71467,141.95446,85.81576,237.4782,94.85095,97.18961,219.21048,87.63845,125.96584,102.68004,124.76276,79.44469,203.78018,210.78241,85.24256,402.80665,90.59599,114.375,92.60706,108.7556,374.58564,85.03784,327.02498,91.69347,229.74338,117.85815,138.86034,168.47006,98.18615,104.38505,140.93768,106.31167,91.23367,84.54975,170.90184,163.55489,76.19319,186.29396,85.99349,223.99103,88.82784,346.65301,77.06993,252.08526,134.08,191.96494]},"OBS_FREQUENCY_DISTRIBUTION":{"Y_NUM_PERSONS":[38,20,10,5,3,1,1,0,0,0,0,0,0,0,0,0,0,0,0],"X_COUNT":[1,2,3,4,5,6,7,8,9,10,11,12,13,14,15,16,17,18,19]},"OBSERVATIONS_BY_TYPE":{"CONCEPT_NAME":"EHR","COUNT_VALUE":96513},"AGE_AT_FIRST_OCCURRENCE":{"CATEGORY":"FEMALE","MIN_VALUE":14,"P10_VALUE":22,"P25_VALUE":24,"MEDIAN_VALUE":28,"P75_VALUE":32,"P90_VALUE":36,"MAX_VALUE":86}}
