{"PREVALENCE_BY_GENDER_AGE_YEAR":{"TRELLIS_NAME":["30-39","20-29","30-39","20-29","20-29","30-39","20-29","30-39","30-39","20-29","30-39","20-29"],"SERIES_NAME":["FEMALE","FEMALE","FEMALE","FEMALE","FEMALE","FEMALE","FEMALE","FEMALE","FEMALE","FEMALE","FEMALE","FEMALE"],"X_CALENDAR_YEAR":[2015,2015,2016,2016,2017,2017,2018,2018,2019,2019,2020,2020],"Y_PREVALENCE_1000PP":[4.64286,3.41509,4.00802,4.10133,4.63384,3.945,4.59933,4.24282,3.68488,4.09959,4.66336,5.29101]},"PREVALENCE_BY_MONTH":{"X_CALENDAR_MONTH":[201905,201809,201703,201712,201904,201910,201611,201510,201812,201804,201908,201909,201810,201911,201808,201806,201803,201601,201707,201801,201603,201912,201509,201709,201705,201708,201701,201807,201702,202003,201710,202001,201706,201711,201610,201609,202005,201811,202002],"Y_PREVALENCE_1000PP":[0.7555,0.44924,0.65698,0.49362,0.83783,0.88072,0.74648,1.49514,0.47393,0.71613,0.65367,0.81795,0.68177,1.22466,0.58186,0.79953,0.70706,1.44274,0.44954,0.56038,0.89619,1.16874,1.87016,0.43488,1.01969,0.4363,0.77559,0.65147,0.51313,1.41443,0.4931,1.27065,0.45579,0.90998,0.6883,0.61,2.13675,0.70334,1.45534]},"OBS_FREQUENCY_DISTRIBUTION":{"Y_NUM_PERSONS":[0,0],"X_COUNT":[1,2]},"OBSERVATIONS_BY_TYPE":{"CONCEPT_NAME":"EHR","COUNT_VALUE":459},"AGE_AT_FIRST_OCCURRENCE":{"CATEGORY":"FEMALE","MIN_VALUE":16,"P10_VALUE":22,"P25_VALUE":24,"MEDIAN_VALUE":28,"P75_VALUE":32,"P90_VALUE":36,"MAX_VALUE":44}}
