{"PREVALENCE_BY_GENDER_AGE_YEAR":{"TRELLIS_NAME":["40-49","30-39","10-19","20-29","50-59","30-39","10-19","40-49","20-29","30-39","20-29","50-59","40-49","10-19","40-49","10-19","50-59","30-39","20-29","30-39","40-49","20-29","50-59","10-19","30-39","20-29","40-49","10-19"],"SERIES_NAME":["FEMALE","FEMALE","FEMALE","FEMALE","FEMALE","FEMALE","FEMALE","FEMALE","FEMALE","FEMALE","FEMALE","FEMALE","FEMALE","FEMALE","FEMALE","FEMALE","FEMALE","FEMALE","FEMALE","FEMALE","FEMALE","FEMALE","FEMALE","FEMALE","FEMALE","FEMALE","FEMALE","FEMALE"],"X_CALENDAR_YEAR":[2015,2015,2015,2015,2016,2016,2016,2016,2016,2017,2017,2017,2017,2017,2018,2018,2018,2018,2018,2019,2019,2019,2019,2019,2020,2020,2020,2020],"Y_PREVALENCE_1000PP":[971.06109,971.42857,1000,982.30363,1000,818.0647,804.5977,902.85714,783.59469,663.66096,654.4612,1000,787.76529,825.12315,768.63753,766.58477,800,635.0087,660.79958,776.74714,844.22809,809.91901,727.27273,881.08108,946.37132,958.33333,919.44444,950.92025]},"PREVALENCE_BY_MONTH":{"X_CALENDAR_MONTH":[201610,202001,201807,201811,201902,201611,201612,201512,201506,201806,201712,201703,202005,201810,201605,201909,201604,202004,201708,201805,202002,201911,201701,201609,201908,201601,202007,201704,201602,201508,201801,201901,202003,201904,201705,201603,201608,201511,201707,201802,201606,201910,201905,202006,201702,201709,201907,201711,201812,201710,201510,201509,201809,201906,201607,201803,201507,201903,201912,201505,201808,201804,201706],"Y_PREVALENCE_1000PP":[138.44641,248.09403,106.69562,111.67552,122.54109,132.59308,130.625,251.45971,498.34254,96.96177,100.83915,112.67143,372.59615,117.71835,164.26475,186.02477,162.95026,313.25301,109.43863,99.25416,266.87284,208.05552,128.83488,147.21431,176.05404,221.10009,501.0395,107.0418,201.46155,444.67213,102.12945,122.41039,288.54314,129.30553,107.14566,191.18745,157.86667,265.91928,102.94448,92.45916,161.98225,203.95068,146.095,442.46353,108.95408,104.00812,167.88773,106.46787,126.14534,107.91772,291.30326,364.9479,110.21264,153.33134,159.9863,95.6657,419.37926,131.90077,232.57852,589.32715,108.95338,98.96878,108.85749]},"OBS_FREQUENCY_DISTRIBUTION":{"Y_NUM_PERSONS":[44,25,13,7,4,2,1,1,0,0,0,0,0,0,0,0,0,0,0,0,0],"X_COUNT":[1,2,3,4,5,6,7,8,9,10,11,12,13,14,15,16,17,18,19,20,21]},"OBSERVATIONS_BY_TYPE":{"CONCEPT_NAME":"EHR","COUNT_VALUE":117319},"AGE_AT_FIRST_OCCURRENCE":{"CATEGORY":"FEMALE","MIN_VALUE":14,"P10_VALUE":22,"P25_VALUE":24,"MEDIAN_VALUE":28,"P75_VALUE":32,"P90_VALUE":36,"MAX_VALUE":86}}
