{"PREVALENCE_BY_GENDER_AGE_YEAR":{"TRELLIS_NAME":["40-49","10-19","30-39","20-29","40-49","30-39","20-29","10-19","10-19","30-39","20-29","40-49","20-29","40-49","10-19","30-39","10-19","20-29","30-39","40-49","20-29","30-39","40-49","10-19"],"SERIES_NAME":["FEMALE","FEMALE","FEMALE","FEMALE","FEMALE","FEMALE","FEMALE","FEMALE","FEMALE","FEMALE","FEMALE","FEMALE","FEMALE","FEMALE","FEMALE","FEMALE","FEMALE","FEMALE","FEMALE","FEMALE","FEMALE","FEMALE","FEMALE","FEMALE"],"X_CALENDAR_YEAR":[2015,2015,2015,2015,2016,2016,2016,2016,2017,2017,2017,2017,2018,2018,2018,2018,2019,2019,2019,2019,2020,2020,2020,2020],"Y_PREVALENCE_1000PP":[57.87781,53.47594,57.14286,71.4064,67.14286,52.53364,64.05308,66.09195,103.44828,38.77367,52.88025,71.16105,53.24606,47.55784,73.71007,42.31941,89.18919,64.79352,49.17408,68.15021,70.98765,55.96036,61.11111,92.02454]},"PREVALENCE_BY_MONTH":{"X_CALENDAR_MONTH":[202005,201910,201610,201609,201905,201908,201611,201811,201605,201511,201903,201804,201906,201508,201706,201802,201805,201608,201702,201509,201704,201912,201911,201902,201808,201607,202007,201507,201710,201703,201909,202004,202006,201708,201606,201712,201901,201810,201806,201907,201709,202002,201601,201602,201904,201505,202003,201612,201506,201801,201803,201809,201705,201603,201701,201812,201510,202001,201711,201604,201707,201512,201807],"Y_PREVALENCE_1000PP":[25.10684,17.48868,9.93117,8.23505,10.57701,11.22127,7.46478,6.6427,11.34241,14.12556,7.59958,7.94901,9.38967,28.68852,5.46946,6.77748,6.9564,10.45333,6.07201,21.6404,6.79117,17.53104,12.79086,5.961,7.56419,9.59233,31.18503,24.98107,8.24176,6.65188,11.21757,20.38925,30.14587,6.39907,9.36884,6.98117,7.48109,7.19642,6.03285,9.28697,7.68283,13.82572,12.98467,14.7816,6.98194,23.20186,16.16488,8.21429,33.14917,6.93472,5.09086,8.01138,6.82406,11.20239,8.44536,6.24013,17.44331,14.61245,6.15988,12.86449,6.51832,12.84547,6.51466]},"OBS_FREQUENCY_DISTRIBUTION":{"Y_NUM_PERSONS":[4,1,0,0,0,0],"X_COUNT":[1,2,3,4,5,6]},"OBSERVATIONS_BY_TYPE":{"CONCEPT_NAME":"EHR","COUNT_VALUE":6031},"AGE_AT_FIRST_OCCURRENCE":{"CATEGORY":"FEMALE","MIN_VALUE":15,"P10_VALUE":20,"P25_VALUE":24,"MEDIAN_VALUE":28,"P75_VALUE":32,"P90_VALUE":36,"MAX_VALUE":54}}
