{"PREVALENCE_BY_GENDER_AGE_YEAR":{"TRELLIS_NAME":["20-29","30-39","30-39","20-29","40-49","20-29","40-49","30-39","40-49","20-29","30-39","20-29","40-49","30-39","40-49","20-29","30-39"],"SERIES_NAME":["FEMALE","FEMALE","FEMALE","FEMALE","FEMALE","FEMALE","FEMALE","FEMALE","FEMALE","FEMALE","FEMALE","FEMALE","FEMALE","FEMALE","FEMALE","FEMALE","FEMALE"],"X_CALENDAR_YEAR":[2015,2015,2016,2016,2016,2017,2017,2017,2018,2018,2018,2019,2019,2019,2020,2020,2020],"Y_PREVALENCE_1000PP":[14.9022,25,16.31835,10.25332,11.42857,10.63057,12.48439,15.44184,11.56812,17.07058,19.36466,18.69813,20.86231,22.10928,33.33333,19.62081,20.69368]},"PREVALENCE_BY_MONTH":{"X_CALENDAR_MONTH":[202002,201808,201910,201511,201510,201907,201601,201911,201903,201702,201807,201701,201805,201512,201802,201803,201909,202006,201508,202004,201509,201706,201708,201812,201904,201810,201710,202003,201912,201602,201604,201711,201901,201610,201605,201908,201902,202005,201801,201612,201608,201607,201811,201905,201806,202001,201704,201705,201712,201809,201611,202007,201709,201707,201603,201609,201804,201906,201703,201606],"Y_PREVALENCE_1000PP":[4.91177,2.9093,2.64217,4.03587,6.22975,4.84986,2.5248,2.58539,2.96995,1.28282,2.31632,0.77559,2.58176,2.7248,1.56952,2.12119,2.92124,5.18639,10.92896,7.41427,7.7478,2.05105,2.03607,2.76461,3.90989,2.87857,1.97239,4.84946,3.94449,2.49128,3.00172,2.58995,1.72641,1.27827,2.80224,3.59516,3.06566,6.41026,2.45167,1.25,2.13333,1.14194,3.20413,4.72188,1.81712,4.12961,1.13186,1.49031,2.04499,2.09644,1.11972,12.47401,2.02943,1.42354,4.18223,1.93168,1.71871,2.59714,1.06759,2.58876]},"OBS_FREQUENCY_DISTRIBUTION":{"Y_NUM_PERSONS":[1,0],"X_COUNT":[1,2]},"OBSERVATIONS_BY_TYPE":{"CONCEPT_NAME":"EHR","COUNT_VALUE":1638},"AGE_AT_FIRST_OCCURRENCE":{"CATEGORY":"FEMALE","MIN_VALUE":16,"P10_VALUE":22,"P25_VALUE":26,"MEDIAN_VALUE":30,"P75_VALUE":34,"P90_VALUE":36,"MAX_VALUE":46}}
