{"PREVALENCE_BY_GENDER_AGE_YEAR":{"TRELLIS_NAME":["20-29","40-49","10-19","30-39","50-59","30-39","40-49","10-19","20-29","40-49","30-39","50-59","10-19","20-29","30-39","50-59","10-19","20-29","40-49","10-19","20-29","30-39","50-59","40-49","10-19","40-49","20-29","30-39"],"SERIES_NAME":["FEMALE","FEMALE","FEMALE","FEMALE","FEMALE","FEMALE","FEMALE","FEMALE","FEMALE","FEMALE","FEMALE","FEMALE","FEMALE","FEMALE","FEMALE","FEMALE","FEMALE","FEMALE","FEMALE","FEMALE","FEMALE","FEMALE","FEMALE","FEMALE","FEMALE","FEMALE","FEMALE","FEMALE"],"X_CALENDAR_YEAR":[2015,2015,2015,2015,2016,2016,2016,2016,2016,2017,2017,2017,2017,2017,2018,2018,2018,2018,2018,2019,2019,2019,2019,2019,2020,2020,2020,2020],"Y_PREVALENCE_1000PP":[981.99317,971.06109,1000,971.07143,1000,817.92156,902.85714,804.5977,783.71532,787.76529,663.43553,1000,825.12315,654.27948,634.89991,800,766.58477,660.88802,768.63753,881.08108,810.019,776.74714,727.27273,844.22809,950.92025,919.44444,958.33333,946.66278]},"PREVALENCE_BY_MONTH":{"X_CALENDAR_MONTH":[201806,201906,201706,201803,201810,201703,201701,201809,201704,201908,201804,201912,201505,201707,202005,201708,201512,202001,201607,201606,201609,201511,201811,201702,201509,201610,201602,201604,202003,201802,201909,201709,202006,202007,201901,201710,201705,201508,201603,201808,201910,201807,202004,201911,201902,201612,201510,201608,201903,201605,202002,201904,201506,201805,201601,201905,201712,201812,201611,201711,201801,201907,201507],"Y_PREVALENCE_1000PP":[96.96177,153.33134,108.85749,95.73641,117.71835,112.67143,128.83488,110.21264,107.0418,176.05404,98.89716,232.57852,589.32715,102.94448,372.59615,109.43863,251.26508,248.09403,159.9863,161.85897,147.21431,265.91928,111.67552,108.95408,364.9479,138.34808,201.46155,162.95026,288.7452,92.45916,186.02477,103.93564,442.46353,501.0395,122.4926,107.84728,107.06722,444.3306,191.18745,108.95338,204.0765,106.62324,313.25301,208.05552,122.54109,130.71429,291.30326,157.86667,131.90077,164.39819,266.87284,129.30553,498.34254,99.18244,221.10009,146.00057,100.76863,126.14534,132.59308,106.46787,102.12945,167.88773,419.37926]},"OBS_FREQUENCY_DISTRIBUTION":{"Y_NUM_PERSONS":[44,25,13,7,4,2,1,1,0,0,0,0,0,0,0,0,0,0,0,0,0],"X_COUNT":[1,2,3,4,5,6,7,8,9,10,11,12,13,14,15,16,17,18,19,20,21]},"OBSERVATIONS_BY_TYPE":{"CONCEPT_NAME":"EHR","COUNT_VALUE":117308},"AGE_AT_FIRST_OCCURRENCE":{"CATEGORY":"FEMALE","MIN_VALUE":14,"P10_VALUE":22,"P25_VALUE":24,"MEDIAN_VALUE":28,"P75_VALUE":32,"P90_VALUE":36,"MAX_VALUE":86}}
