{"PREVALENCE_BY_GENDER_AGE_YEAR":{"TRELLIS_NAME":["30-39","40-49","20-29","10-19","50-59","30-39","40-49","20-29","10-19","20-29","30-39","10-19","40-49","50-59","40-49","20-29","30-39","10-19","40-49","30-39","20-29","50-59","10-19","10-19","20-29","40-49","30-39"],"SERIES_NAME":["FEMALE","FEMALE","FEMALE","FEMALE","FEMALE","FEMALE","FEMALE","FEMALE","FEMALE","FEMALE","FEMALE","FEMALE","FEMALE","FEMALE","FEMALE","FEMALE","FEMALE","FEMALE","FEMALE","FEMALE","FEMALE","FEMALE","FEMALE","FEMALE","FEMALE","FEMALE","FEMALE"],"X_CALENDAR_YEAR":[2015,2015,2015,2015,2016,2016,2016,2016,2016,2017,2017,2017,2017,2018,2018,2018,2018,2018,2019,2019,2019,2019,2019,2020,2020,2020,2020],"Y_PREVALENCE_1000PP":[808.57143,848.8746,748.83577,545.45455,1000,714.14257,837.14286,635.34379,477.01149,541.25023,593.55275,517.24138,734.0824,700,717.22365,559.52592,569.62576,496.3145,769.12378,700.76239,697.23028,818.18182,554.05405,674.84663,807.31922,836.11111,841.44564]},"PREVALENCE_BY_MONTH":{"X_CALENDAR_MONTH":[201601,201903,201604,201905,201904,201711,201508,201906,201701,201806,201703,201505,202003,201605,201910,201807,201608,201907,201610,201705,201708,201908,201801,201804,201704,201811,201510,201709,201609,202006,201509,202001,201802,201911,201808,201607,201511,202007,201810,201712,202005,201710,201812,202002,201805,201507,201706,201912,201702,201809,201603,201512,201901,201611,201909,202004,201902,201707,201602,201606,201612,201803,201506],"Y_PREVALENCE_1000PP":[153.65194,95.30049,119.06804,105.48683,93.37181,78.74843,304.98634,106.48287,89.02103,67.37898,81.71142,320.18561,222.26712,110.75527,144.18722,75.49765,106.34667,120.31782,93.51032,73.02534,77.9523,127.68275,76.07173,69.8224,72.27747,80.72835,201.09644,69.7253,100.34567,324.14911,245.79215,178.84371,65.34922,151.17703,79.27849,108.14206,181.16592,319.12682,83.78153,72.27981,272.97009,77.69794,89.57346,193.19629,71.50029,263.43679,78.92738,166.83711,75.60079,75.39683,139.35773,168.35344,86.89576,92.28329,134.37719,241.19555,88.73371,72.90028,138.5152,108.60454,88.21429,72.2619,292.81768]},"OBS_FREQUENCY_DISTRIBUTION":{"Y_NUM_PERSONS":[39,12,2,0,0,0],"X_COUNT":[1,2,3,4,5,6]},"OBSERVATIONS_BY_TYPE":{"CONCEPT_NAME":"EHR","COUNT_VALUE":64674},"AGE_AT_FIRST_OCCURRENCE":{"CATEGORY":"FEMALE","MIN_VALUE":14,"P10_VALUE":22,"P25_VALUE":24,"MEDIAN_VALUE":28,"P75_VALUE":34,"P90_VALUE":37,"MAX_VALUE":54}}
