{"PREVALENCE_BY_GENDER_AGE_YEAR":{"TRELLIS_NAME":["40-49","30-39","20-29","10-19","40-49","10-19","50-59","30-39","20-29","40-49","50-59","30-39","20-29","10-19","50-59","40-49","30-39","10-19","20-29","20-29","50-59","30-39","40-49","10-19","10-19","20-29","30-39","40-49"],"SERIES_NAME":["FEMALE","FEMALE","FEMALE","FEMALE","FEMALE","FEMALE","FEMALE","FEMALE","FEMALE","FEMALE","FEMALE","FEMALE","FEMALE","FEMALE","FEMALE","FEMALE","FEMALE","FEMALE","FEMALE","FEMALE","FEMALE","FEMALE","FEMALE","FEMALE","FEMALE","FEMALE","FEMALE","FEMALE"],"X_CALENDAR_YEAR":[2015,2015,2015,2015,2016,2016,2016,2016,2016,2017,2017,2017,2017,2017,2018,2018,2018,2018,2018,2019,2019,2019,2019,2019,2020,2020,2020,2020],"Y_PREVALENCE_1000PP":[971.06109,970.35714,981.68271,1000,902.85714,804.5977,1000,817.49213,783.71532,787.76529,1000,663.54824,654.27948,825.12315,800,767.35219,634.89991,766.58477,660.71113,810.019,727.27273,776.62008,842.83727,881.08108,950.92025,958.11287,946.37132,919.44444]},"PREVALENCE_BY_MONTH":{"X_CALENDAR_MONTH":[201506,201905,201911,202004,201702,201711,201712,201708,201910,201907,201612,201908,202002,201909,201805,202005,201903,201811,201706,201603,201508,201902,201901,202007,201604,201610,201807,202006,201709,201602,201608,201808,201601,201703,201510,201611,201802,201507,201904,201912,201812,201509,201701,201806,201607,201803,201505,201809,201512,201710,202001,201609,202003,201810,201906,201804,201801,201511,201606,201704,201707,201705,201605],"Y_PREVALENCE_1000PP":[498.34254,146.00057,208.05552,313.25301,108.86855,106.46787,100.83915,109.43863,204.0765,167.88773,130.71429,176.05404,266.69092,186.02477,99.25416,372.59615,131.90077,111.67552,108.85749,191.18745,444.67213,122.54109,122.41039,501.0395,162.80732,138.34808,106.62324,442.46353,103.86316,201.46155,157.86667,108.88065,221.10009,112.67143,291.05407,132.59308,92.45916,419.37926,129.21244,232.57852,126.06635,364.68074,128.83488,96.96177,159.9863,95.73641,589.32715,110.13777,251.07046,107.91772,248.09403,146.90931,288.54314,117.6426,153.33134,98.96878,102.12945,265.69507,161.98225,107.0418,102.94448,107.14566,164.39819]},"OBS_FREQUENCY_DISTRIBUTION":{"Y_NUM_PERSONS":[44,25,13,7,4,2,1,1,0,0,0,0,0,0,0,0,0,0,0,0,0],"X_COUNT":[1,2,3,4,5,6,7,8,9,10,11,12,13,14,15,16,17,18,19,20,21]},"OBSERVATIONS_BY_TYPE":{"CONCEPT_NAME":"EHR","COUNT_VALUE":117295},"AGE_AT_FIRST_OCCURRENCE":{"CATEGORY":"FEMALE","MIN_VALUE":14,"P10_VALUE":22,"P25_VALUE":24,"MEDIAN_VALUE":28,"P75_VALUE":32,"P90_VALUE":36,"MAX_VALUE":86}}
