{"PREVALENCE_BY_GENDER_AGE_YEAR":{"TRELLIS_NAME":["40-49","20-29","30-39","10-19","30-39","40-49","10-19","20-29","40-49","10-19","20-29","30-39","20-29","40-49","10-19","30-39","10-19","40-49","20-29","30-39","20-29","40-49","30-39","10-19"],"SERIES_NAME":["FEMALE","FEMALE","FEMALE","FEMALE","FEMALE","FEMALE","FEMALE","FEMALE","FEMALE","FEMALE","FEMALE","FEMALE","FEMALE","FEMALE","FEMALE","FEMALE","FEMALE","FEMALE","FEMALE","FEMALE","FEMALE","FEMALE","FEMALE","FEMALE"],"X_CALENDAR_YEAR":[2015,2015,2015,2015,2016,2016,2016,2016,2017,2017,2017,2017,2018,2018,2018,2018,2019,2019,2019,2019,2020,2020,2020,2020],"Y_PREVALENCE_1000PP":[144.69453,200.24837,192.14286,192.51337,132.40767,114.28571,132.18391,134.62002,114.85643,142.85714,103.85244,92.65104,104.8116,83.54756,85.99509,85.83551,110.81081,104.31154,116.38836,89.96188,103.39506,105.55556,90.64413,73.61963]},"PREVALENCE_BY_MONTH":{"X_CALENDAR_MONTH":[201602,201603,201505,201506,201801,201508,201511,202006,201809,201507,201811,201704,201812,201601,201802,201703,201906,201804,202004,201608,201606,201901,201702,202007,201805,202003,201510,201708,201911,202001,201903,201712,201806,201910,201907,201810,201803,201609,201509,201902,201705,201612,201610,201709,202005,201604,201908,201707,201711,201605,201909,202002,201607,201904,201912,201807,201512,201706,201808,201710,201905,201611,201701],"Y_PREVALENCE_1000PP":[29.89537,25.24272,183.29466,131.49171,11.62791,66.93989,40.13453,36.62885,13.1776,124.14837,13.7543,11.07608,13.90205,30.29757,10.13056,11.41496,12.98572,11.67287,24.32808,23.04,21.69625,13.07136,14.53861,36.38254,12.04819,24.44938,40.11961,12.79814,23.26847,25.73062,13.62683,13.75079,12.21108,20.5083,19.91539,13.93834,10.74737,21.04514,48.35693,12.43294,13.805,17.67857,17.9941,11.16185,37.12607,21.7267,17.97581,12.73694,12.66975,22.55137,22.20145,21.83009,17.70013,14.9879,26.44266,16.14187,36.00623,14.81313,13.09186,14.58157,16.33771,18.2887,18.70045]},"OBS_FREQUENCY_DISTRIBUTION":{"Y_NUM_PERSONS":[8,1,0,0,0],"X_COUNT":[1,2,3,4,5]},"OBSERVATIONS_BY_TYPE":{"CONCEPT_NAME":"EHR","COUNT_VALUE":11300},"AGE_AT_FIRST_OCCURRENCE":{"CATEGORY":"FEMALE","MIN_VALUE":16,"P10_VALUE":21,"P25_VALUE":24,"MEDIAN_VALUE":28,"P75_VALUE":32,"P90_VALUE":36,"MAX_VALUE":50}}
