{"PREVALENCE_BY_GENDER_AGE_YEAR":{"TRELLIS_NAME":["0-9","0-9","10-19","20-29","30-39","40-49","0-9","0-9","10-19","20-29","30-39","40-49","50-59","0-9","0-9","10-19","20-29","30-39","40-49","50-59","0-9","0-9","10-19","20-29","30-39","40-49","50-59","0-9","0-9","10-19","20-29","30-39","40-49","50-59","0-9","0-9","10-19","20-29","30-39","40-49"],"SERIES_NAME":["MALE","FEMALE","FEMALE","FEMALE","FEMALE","FEMALE","MALE","FEMALE","FEMALE","FEMALE","FEMALE","FEMALE","FEMALE","MALE","FEMALE","FEMALE","FEMALE","FEMALE","FEMALE","FEMALE","MALE","FEMALE","FEMALE","FEMALE","FEMALE","FEMALE","FEMALE","MALE","FEMALE","FEMALE","FEMALE","FEMALE","FEMALE","FEMALE","MALE","FEMALE","FEMALE","FEMALE","FEMALE","FEMALE"],"X_CALENDAR_YEAR":[2015,2015,2015,2015,2015,2015,2016,2016,2016,2016,2016,2016,2016,2017,2017,2017,2017,2017,2017,2017,2018,2018,2018,2018,2018,2018,2018,2019,2019,2019,2019,2019,2019,2019,2020,2020,2020,2020,2020,2020],"Y_PREVALENCE_1000PP":[1000,1000,1000,1000,1000,1000,988.22031,990.93808,807.47126,794.20989,841.96965,944.28571,1000,991.46834,989.90213,830.04926,667.2724,685.30207,841.44819,1000,988.15692,989.65779,783.78378,678.1355,658.72498,820.05141,1000,990.11555,989.50546,889.18919,828.21718,803.81194,885.95271,818.18182,978.21012,980.52851,969.32515,982.58377,982.80385,977.77778]},"PREVALENCE_BY_MONTH":{"X_CALENDAR_MONTH":[201805,201612,201606,201801,201809,201602,201711,201702,201901,201605,202003,201603,201609,201911,201810,201807,201510,201509,202007,202004,201610,201706,201907,201909,201808,201511,201804,202005,201705,201908,201905,201703,201903,201611,201902,201710,201802,201507,201709,202001,201607,201712,201904,201806,201910,201505,201508,201707,202002,201812,201604,201708,201512,201906,201803,201608,201601,202006,201506,201704,201811,201912,201701],"Y_PREVALENCE_1000PP":[178.284566838784,229.464285714286,285.133136094675,187.027178481367,192.497753818509,355.256601893373,192.846143077138,193.79115710254,219.089115422558,290.899386175607,527.783390583956,348.767737117252,261.691744611631,370.118383453531,210.514354973108,191.169019182048,529.279840518315,649.746192893401,864.345114345114,575.532900834106,243.952802359882,197.660285627469,301.000928696729,331.502687543819,197.832569641428,476.008968609865,175.594385562876,672.542735042735,189.583496744843,318.117441987145,262.253281707432,204.237496920424,237.334032145353,237.193244378091,221.578812909819,195.618484080023,165.727331097952,713.096139288418,182.430963252881,444.091486658196,282.859426744319,181.157887314012,230.031651461553,172.69952027911,358.832410669351,1000,787.909836065574,184.31108114183,475.895943241768,225.592417061611,295.454545454545,197.353112274578,442.195406773063,267.605633802817,177.614367531641,282.453333333333,390.802524797115,792.544570502431,808.839779005525,186.918910178672,201.23476086277,416.216216216216,228.283350568769]},"VISIT_DURATION_BY_TYPE":{"CATEGORY":"Length of stay","MIN_VALUE":0,"P10_VALUE":0,"P25_VALUE":0,"MEDIAN_VALUE":2,"P75_VALUE":3,"P90_VALUE":4,"MAX_VALUE":306},"AGE_AT_FIRST_OCCURRENCE":{"CATEGORY":["MALE","FEMALE"],"MIN_VALUE":[0,0],"P10_VALUE":[0,0],"P25_VALUE":[0,0],"MEDIAN_VALUE":[0,24],"P75_VALUE":[0,30],"P90_VALUE":[0,35],"MAX_VALUE":[0,86]}}
